\BOOKMARK [0][-]{chapter.1}{\376\377\0001\000\040\000F\000o\000o\000t\000b\000a\000l\000l\000\040\000M\000a\000n\000a\000g\000e\000r}{}% 1
\BOOKMARK [1][-]{section.1.1}{\376\377\0001\000.\0001\000\040\000M\000a\000i\000n\000\040\000F\000e\000a\000t\000u\000r\000e\000s}{chapter.1}% 2
\BOOKMARK [1][-]{section.1.2}{\376\377\0001\000.\0002\000\040\000T\000e\000c\000h\000n\000o\000l\000o\000g\000i\000e\000s\000\040\000U\000s\000e\000d}{chapter.1}% 3
\BOOKMARK [1][-]{section.1.3}{\376\377\0001\000.\0003\000\040\000P\000r\000o\000j\000e\000c\000t\000\040\000S\000t\000r\000u\000c\000t\000u\000r\000e}{chapter.1}% 4
\BOOKMARK [1][-]{section.1.4}{\376\377\0001\000.\0004\000\040\000R\000e\000q\000u\000i\000r\000e\000m\000e\000n\000t\000s}{chapter.1}% 5
\BOOKMARK [1][-]{section.1.5}{\376\377\0001\000.\0005\000\040\000D\000a\000t\000a\000b\000a\000s\000e\000\040\000C\000o\000n\000f\000i\000g\000u\000r\000a\000t\000i\000o\000n}{chapter.1}% 6
\BOOKMARK [1][-]{section.1.6}{\376\377\0001\000.\0006\000\040\000H\000o\000w\000\040\000t\000o\000\040\000R\000u\000n\000\040\000t\000h\000e\000\040\000A\000p\000p\000l\000i\000c\000a\000t\000i\000o\000n}{chapter.1}% 7
\BOOKMARK [2][-]{subsection.1.6.1}{\376\377\0001\000.\0006\000.\0001\000\040\000W\000i\000n\000d\000o\000w\000s}{section.1.6}% 8
\BOOKMARK [2][-]{subsection.1.6.2}{\376\377\0001\000.\0006\000.\0002\000\040\000L\000i\000n\000u\000x\000\040\000/\000\040\000m\000a\000c\000O\000S}{section.1.6}% 9
\BOOKMARK [1][-]{section.1.7}{\376\377\0001\000.\0007\000\040\000H\000o\000w\000\040\000t\000o\000\040\000R\000u\000n\000\040\000T\000e\000s\000t\000s}{chapter.1}% 10
\BOOKMARK [2][-]{subsection.1.7.1}{\376\377\0001\000.\0007\000.\0001\000\040\000W\000i\000n\000d\000o\000w\000s}{section.1.7}% 11
\BOOKMARK [2][-]{subsection.1.7.2}{\376\377\0001\000.\0007\000.\0002\000\040\000L\000i\000n\000u\000x\000\040\000/\000\040\000m\000a\000c\000O\000S}{section.1.7}% 12
\BOOKMARK [1][-]{section.1.8}{\376\377\0001\000.\0008\000\040\000C\000o\000d\000e\000\040\000C\000o\000v\000e\000r\000a\000g\000e\000\040\000w\000i\000t\000h\000\040\000J\000a\000C\000o\000C\000o}{chapter.1}% 13
\BOOKMARK [2][-]{subsection.1.8.1}{\376\377\0001\000.\0008\000.\0001\000\040\000W\000i\000n\000d\000o\000w\000s}{section.1.8}% 14
\BOOKMARK [2][-]{subsection.1.8.2}{\376\377\0001\000.\0008\000.\0002\000\040\000L\000i\000n\000u\000x\000\040\000/\000\040\000m\000a\000c\000O\000S}{section.1.8}% 15
\BOOKMARK [1][-]{section.1.9}{\376\377\0001\000.\0009\000\040\000P\000e\000r\000f\000o\000r\000m\000a\000n\000c\000e\000\040\000T\000e\000s\000t\000i\000n\000g\000\040\000w\000i\000t\000h\000\040\000J\000U\000n\000i\000t\000P\000e\000r\000f}{chapter.1}% 16
\BOOKMARK [2][-]{subsection.1.9.1}{\376\377\0001\000.\0009\000.\0001\000\040\000W\000i\000n\000d\000o\000w\000s}{section.1.9}% 17
\BOOKMARK [2][-]{subsection.1.9.2}{\376\377\0001\000.\0009\000.\0002\000\040\000L\000i\000n\000u\000x\000\040\000/\000\040\000m\000a\000c\000O\000S}{section.1.9}% 18
\BOOKMARK [1][-]{section.1.10}{\376\377\0001\000.\0001\0000\000\040\000J\000e\000n\000k\000i\000n\000s\000\040\000C\000I\000\040\000P\000i\000p\000e\000l\000i\000n\000e}{chapter.1}% 19
\BOOKMARK [1][-]{section.1.11}{\376\377\0001\000.\0001\0001\000\040\000D\000o\000x\000y\000g\000e\000n\000\040\000D\000o\000c\000u\000m\000e\000n\000t\000a\000t\000i\000o\000n}{chapter.1}% 20
\BOOKMARK [1][-]{section.1.12}{\376\377\0001\000.\0001\0002\000\040\000S\000w\000a\000g\000g\000e\000r\000/\000O\000p\000e\000n\000A\000P\000I\000\040\000D\000o\000c\000u\000m\000e\000n\000t\000a\000t\000i\000o\000n}{chapter.1}% 21
\BOOKMARK [1][-]{section.1.13}{\376\377\0001\000.\0001\0003\000\040\000M\000a\000v\000e\000n\000\040\000S\000i\000t\000e}{chapter.1}% 22
\BOOKMARK [2][-]{subsection.1.13.1}{\376\377\0001\000.\0001\0003\000.\0001\000\040\000W\000i\000n\000d\000o\000w\000s}{section.1.13}% 23
\BOOKMARK [2][-]{subsection.1.13.2}{\376\377\0001\000.\0001\0003\000.\0002\000\040\000L\000i\000n\000u\000x\000\040\000/\000\040\000m\000a\000c\000O\000S}{section.1.13}% 24
\BOOKMARK [1][-]{section.1.14}{\376\377\0001\000.\0001\0004\000\040\000M\000a\000i\000n\000\040\000A\000P\000I\000\040\000E\000n\000d\000p\000o\000i\000n\000t\000s}{chapter.1}% 25
\BOOKMARK [1][-]{section.1.15}{\376\377\0001\000.\0001\0005\000\040\000W\000e\000b\000\040\000V\000i\000e\000w\000s}{chapter.1}% 26
\BOOKMARK [1][-]{section.1.16}{\376\377\0001\000.\0001\0006\000\040\000T\000e\000s\000t\000i\000n\000g\000\040\000S\000t\000r\000a\000t\000e\000g\000y}{chapter.1}% 27
\BOOKMARK [1][-]{section.1.17}{\376\377\0001\000.\0001\0007\000\040\000S\000p\000r\000i\000n\000t\000\040\0002\000\040\000E\000v\000i\000d\000e\000n\000c\000e}{chapter.1}% 28
\BOOKMARK [1][-]{section.1.18}{\376\377\0001\000.\0001\0008\000\040\000S\000p\000r\000i\000n\000t\000\040\0003\000\040\000E\000v\000i\000d\000e\000n\000c\000e}{chapter.1}% 29
\BOOKMARK [1][-]{section.1.19}{\376\377\0001\000.\0001\0009\000\040\000H\000o\000w\000\040\000t\000o\000\040\000P\000a\000c\000k\000a\000g\000e\000\040\000t\000h\000e\000\040\000A\000p\000p\000l\000i\000c\000a\000t\000i\000o\000n}{chapter.1}% 30
\BOOKMARK [2][-]{subsection.1.19.1}{\376\377\0001\000.\0001\0009\000.\0001\000\040\000W\000i\000n\000d\000o\000w\000s}{section.1.19}% 31
\BOOKMARK [2][-]{subsection.1.19.2}{\376\377\0001\000.\0001\0009\000.\0002\000\040\000L\000i\000n\000u\000x\000\040\000/\000\040\000m\000a\000c\000O\000S}{section.1.19}% 32
\BOOKMARK [1][-]{section.1.20}{\376\377\0001\000.\0002\0000\000\040\000A\000u\000t\000h\000o\000r\000s}{chapter.1}% 33
\BOOKMARK [1][-]{section.1.21}{\376\377\0001\000.\0002\0001\000\040\000R\000e\000p\000o\000s\000i\000t\000o\000r\000y}{chapter.1}% 34
\BOOKMARK [1][-]{section.1.22}{\376\377\0001\000.\0002\0002\000\040\000P\000r\000o\000j\000e\000c\000t\000\040\000S\000t\000a\000t\000u\000s}{chapter.1}% 35
\BOOKMARK [0][-]{chapter.2}{\376\377\0002\000\040\000d\000o\000x\000y\000g\000e\000n\000\137\000m\000a\000i\000n\000p\000a\000g\000e}{}% 36
\BOOKMARK [0][-]{chapter.3}{\376\377\0003\000\040\000N\000a\000m\000e\000s\000p\000a\000c\000e\000\040\000I\000n\000d\000e\000x}{}% 37
\BOOKMARK [1][-]{section.3.1}{\376\377\0003\000.\0001\000\040\000P\000a\000c\000k\000a\000g\000e\000\040\000L\000i\000s\000t}{chapter.3}% 38
\BOOKMARK [0][-]{chapter.4}{\376\377\0004\000\040\000H\000i\000e\000r\000a\000r\000c\000h\000i\000c\000a\000l\000\040\000I\000n\000d\000e\000x}{}% 39
\BOOKMARK [1][-]{section.4.1}{\376\377\0004\000.\0001\000\040\000C\000l\000a\000s\000s\000\040\000H\000i\000e\000r\000a\000r\000c\000h\000y}{chapter.4}% 40
\BOOKMARK [0][-]{chapter.5}{\376\377\0005\000\040\000C\000l\000a\000s\000s\000\040\000I\000n\000d\000e\000x}{}% 41
\BOOKMARK [1][-]{section.5.1}{\376\377\0005\000.\0001\000\040\000C\000l\000a\000s\000s\000\040\000L\000i\000s\000t}{chapter.5}% 42
\BOOKMARK [0][-]{chapter.6}{\376\377\0006\000\040\000F\000i\000l\000e\000\040\000I\000n\000d\000e\000x}{}% 43
\BOOKMARK [1][-]{section.6.1}{\376\377\0006\000.\0001\000\040\000F\000i\000l\000e\000\040\000L\000i\000s\000t}{chapter.6}% 44
\BOOKMARK [0][-]{chapter.7}{\376\377\0007\000\040\000N\000a\000m\000e\000s\000p\000a\000c\000e\000\040\000D\000o\000c\000u\000m\000e\000n\000t\000a\000t\000i\000o\000n}{}% 45
\BOOKMARK [1][-]{section.7.1}{\376\377\0007\000.\0001\000\040\000P\000a\000c\000k\000a\000g\000e\000\040\000c\000o\000m\000.\000e\000x\000a\000m\000p\000l\000e\000.\000f\000o\000o\000t\000b\000a\000l\000l\000\137\000m\000a\000n\000a\000g\000e\000r}{chapter.7}% 46
\BOOKMARK [1][-]{section.7.2}{\376\377\0007\000.\0002\000\040\000P\000a\000c\000k\000a\000g\000e\000\040\000c\000o\000m\000.\000e\000x\000a\000m\000p\000l\000e\000.\000f\000o\000o\000t\000b\000a\000l\000l\000\137\000m\000a\000n\000a\000g\000e\000r\000.\000c\000o\000n\000f\000i\000g}{chapter.7}% 47
\BOOKMARK [1][-]{section.7.3}{\376\377\0007\000.\0003\000\040\000P\000a\000c\000k\000a\000g\000e\000\040\000c\000o\000m\000.\000e\000x\000a\000m\000p\000l\000e\000.\000f\000o\000o\000t\000b\000a\000l\000l\000\137\000m\000a\000n\000a\000g\000e\000r\000.\000c\000o\000n\000t\000r\000o\000l\000l\000e\000r}{chapter.7}% 48
\BOOKMARK [1][-]{section.7.4}{\376\377\0007\000.\0004\000\040\000P\000a\000c\000k\000a\000g\000e\000\040\000c\000o\000m\000.\000e\000x\000a\000m\000p\000l\000e\000.\000f\000o\000o\000t\000b\000a\000l\000l\000\137\000m\000a\000n\000a\000g\000e\000r\000.\000d\000t\000o}{chapter.7}% 49
\BOOKMARK [2][-]{subsection.7.4.1}{\376\377\0007\000.\0004\000.\0001\000\040\000F\000u\000n\000c\000t\000i\000o\000n\000\040\000D\000o\000c\000u\000m\000e\000n\000t\000a\000t\000i\000o\000n}{section.7.4}% 50
\BOOKMARK [3][-]{subsubsection.7.4.1.1}{\376\377\0007\000.\0004\000.\0001\000.\0001\000\040\000M\000a\000t\000c\000h\000R\000e\000s\000u\000l\000t\000D\000T\000O\000\050\000\051}{subsection.7.4.1}% 51
\BOOKMARK [1][-]{section.7.5}{\376\377\0007\000.\0005\000\040\000P\000a\000c\000k\000a\000g\000e\000\040\000c\000o\000m\000.\000e\000x\000a\000m\000p\000l\000e\000.\000f\000o\000o\000t\000b\000a\000l\000l\000\137\000m\000a\000n\000a\000g\000e\000r\000.\000m\000o\000d\000e\000l}{chapter.7}% 52
\BOOKMARK [1][-]{section.7.6}{\376\377\0007\000.\0006\000\040\000P\000a\000c\000k\000a\000g\000e\000\040\000c\000o\000m\000.\000e\000x\000a\000m\000p\000l\000e\000.\000f\000o\000o\000t\000b\000a\000l\000l\000\137\000m\000a\000n\000a\000g\000e\000r\000.\000r\000e\000p\000o\000s\000i\000t\000o\000r\000y}{chapter.7}% 53
\BOOKMARK [1][-]{section.7.7}{\376\377\0007\000.\0007\000\040\000P\000a\000c\000k\000a\000g\000e\000\040\000c\000o\000m\000.\000e\000x\000a\000m\000p\000l\000e\000.\000f\000o\000o\000t\000b\000a\000l\000l\000\137\000m\000a\000n\000a\000g\000e\000r\000.\000s\000e\000r\000v\000i\000c\000e}{chapter.7}% 54
\BOOKMARK [0][-]{chapter.8}{\376\377\0008\000\040\000C\000l\000a\000s\000s\000\040\000D\000o\000c\000u\000m\000e\000n\000t\000a\000t\000i\000o\000n}{}% 55
\BOOKMARK [1][-]{section.8.1}{\376\377\0008\000.\0001\000\040\000c\000o\000m\000.\000e\000x\000a\000m\000p\000l\000e\000.\000f\000o\000o\000t\000b\000a\000l\000l\000\137\000m\000a\000n\000a\000g\000e\000r\000.\000c\000o\000n\000t\000r\000o\000l\000l\000e\000r\000.\000A\000d\000m\000i\000n\000C\000o\000u\000n\000t\000r\000y\000V\000i\000e\000w\000C\000o\000n\000t\000r\000o\000l\000l\000e\000r\000\040\000C\000l\000a\000s\000s\000\040\000R\000e\000f\000e\000r\000e\000n\000c\000e}{chapter.8}% 56
\BOOKMARK [2][-]{subsection.8.1.1}{\376\377\0008\000.\0001\000.\0001\000\040\000D\000e\000t\000a\000i\000l\000e\000d\000\040\000D\000e\000s\000c\000r\000i\000p\000t\000i\000o\000n}{section.8.1}% 57
\BOOKMARK [2][-]{subsection.8.1.2}{\376\377\0008\000.\0001\000.\0002\000\040\000C\000o\000n\000s\000t\000r\000u\000c\000t\000o\000r\000\040\000\046\000\040\000D\000e\000s\000t\000r\000u\000c\000t\000o\000r\000\040\000D\000o\000c\000u\000m\000e\000n\000t\000a\000t\000i\000o\000n}{section.8.1}% 58
\BOOKMARK [3][-]{subsubsection.8.1.2.1}{\376\377\0008\000.\0001\000.\0002\000.\0001\000\040\000A\000d\000m\000i\000n\000C\000o\000u\000n\000t\000r\000y\000V\000i\000e\000w\000C\000o\000n\000t\000r\000o\000l\000l\000e\000r\000\050\000\051}{subsection.8.1.2}% 59
\BOOKMARK [2][-]{subsection.8.1.3}{\376\377\0008\000.\0001\000.\0003\000\040\000M\000e\000m\000b\000e\000r\000\040\000F\000u\000n\000c\000t\000i\000o\000n\000\040\000D\000o\000c\000u\000m\000e\000n\000t\000a\000t\000i\000o\000n}{section.8.1}% 60
\BOOKMARK [3][-]{subsubsection.8.1.3.1}{\376\377\0008\000.\0001\000.\0003\000.\0001\000\040\000c\000o\000u\000n\000t\000r\000i\000e\000s\000P\000a\000g\000e\000\050\000\051}{subsection.8.1.3}% 61
\BOOKMARK [3][-]{subsubsection.8.1.3.2}{\376\377\0008\000.\0001\000.\0003\000.\0002\000\040\000c\000r\000e\000a\000t\000e\000C\000o\000u\000n\000t\000r\000y\000\050\000\051}{subsection.8.1.3}% 62
\BOOKMARK [3][-]{subsubsection.8.1.3.3}{\376\377\0008\000.\0001\000.\0003\000.\0003\000\040\000d\000e\000l\000e\000t\000e\000C\000o\000u\000n\000t\000r\000y\000\050\000\051}{subsection.8.1.3}% 63
\BOOKMARK [1][-]{section.8.2}{\376\377\0008\000.\0002\000\040\000c\000o\000m\000.\000e\000x\000a\000m\000p\000l\000e\000.\000f\000o\000o\000t\000b\000a\000l\000l\000\137\000m\000a\000n\000a\000g\000e\000r\000.\000c\000o\000n\000t\000r\000o\000l\000l\000e\000r\000.\000A\000d\000m\000i\000n\000P\000l\000a\000y\000e\000r\000V\000i\000e\000w\000C\000o\000n\000t\000r\000o\000l\000l\000e\000r\000\040\000C\000l\000a\000s\000s\000\040\000R\000e\000f\000e\000r\000e\000n\000c\000e}{chapter.8}% 64
\BOOKMARK [2][-]{subsection.8.2.1}{\376\377\0008\000.\0002\000.\0001\000\040\000D\000e\000t\000a\000i\000l\000e\000d\000\040\000D\000e\000s\000c\000r\000i\000p\000t\000i\000o\000n}{section.8.2}% 65
\BOOKMARK [2][-]{subsection.8.2.2}{\376\377\0008\000.\0002\000.\0002\000\040\000C\000o\000n\000s\000t\000r\000u\000c\000t\000o\000r\000\040\000\046\000\040\000D\000e\000s\000t\000r\000u\000c\000t\000o\000r\000\040\000D\000o\000c\000u\000m\000e\000n\000t\000a\000t\000i\000o\000n}{section.8.2}% 66
\BOOKMARK [3][-]{subsubsection.8.2.2.1}{\376\377\0008\000.\0002\000.\0002\000.\0001\000\040\000A\000d\000m\000i\000n\000P\000l\000a\000y\000e\000r\000V\000i\000e\000w\000C\000o\000n\000t\000r\000o\000l\000l\000e\000r\000\050\000\051}{subsection.8.2.2}% 67
\BOOKMARK [2][-]{subsection.8.2.3}{\376\377\0008\000.\0002\000.\0003\000\040\000M\000e\000m\000b\000e\000r\000\040\000F\000u\000n\000c\000t\000i\000o\000n\000\040\000D\000o\000c\000u\000m\000e\000n\000t\000a\000t\000i\000o\000n}{section.8.2}% 68
\BOOKMARK [3][-]{subsubsection.8.2.3.1}{\376\377\0008\000.\0002\000.\0003\000.\0001\000\040\000c\000r\000e\000a\000t\000e\000P\000l\000a\000y\000e\000r\000\050\000\051}{subsection.8.2.3}% 69
\BOOKMARK [3][-]{subsubsection.8.2.3.2}{\376\377\0008\000.\0002\000.\0003\000.\0002\000\040\000d\000e\000l\000e\000t\000e\000P\000l\000a\000y\000e\000r\000\050\000\051}{subsection.8.2.3}% 70
\BOOKMARK [3][-]{subsubsection.8.2.3.3}{\376\377\0008\000.\0002\000.\0003\000.\0003\000\040\000m\000a\000n\000a\000g\000e\000P\000l\000a\000y\000e\000r\000s\000L\000a\000n\000d\000i\000n\000g\000\050\000\051}{subsection.8.2.3}% 71
\BOOKMARK [3][-]{subsubsection.8.2.3.4}{\376\377\0008\000.\0002\000.\0003\000.\0004\000\040\000m\000a\000n\000a\000g\000e\000T\000e\000a\000m\000P\000l\000a\000y\000e\000r\000s\000\050\000\051}{subsection.8.2.3}% 72
\BOOKMARK [3][-]{subsubsection.8.2.3.5}{\376\377\0008\000.\0002\000.\0003\000.\0005\000\040\000s\000h\000o\000w\000E\000d\000i\000t\000P\000l\000a\000y\000e\000r\000F\000o\000r\000m\000\050\000\051}{subsection.8.2.3}% 73
\BOOKMARK [3][-]{subsubsection.8.2.3.6}{\376\377\0008\000.\0002\000.\0003\000.\0006\000\040\000u\000p\000d\000a\000t\000e\000P\000l\000a\000y\000e\000r\000\050\000\051}{subsection.8.2.3}% 74
\BOOKMARK [1][-]{section.8.3}{\376\377\0008\000.\0003\000\040\000c\000o\000m\000.\000e\000x\000a\000m\000p\000l\000e\000.\000f\000o\000o\000t\000b\000a\000l\000l\000\137\000m\000a\000n\000a\000g\000e\000r\000.\000c\000o\000n\000f\000i\000g\000.\000A\000d\000m\000i\000n\000S\000e\000c\000u\000r\000i\000t\000y\000F\000i\000l\000t\000e\000r\000\040\000C\000l\000a\000s\000s\000\040\000R\000e\000f\000e\000r\000e\000n\000c\000e}{chapter.8}% 75
\BOOKMARK [2][-]{subsection.8.3.1}{\376\377\0008\000.\0003\000.\0001\000\040\000D\000e\000t\000a\000i\000l\000e\000d\000\040\000D\000e\000s\000c\000r\000i\000p\000t\000i\000o\000n}{section.8.3}% 76
\BOOKMARK [2][-]{subsection.8.3.2}{\376\377\0008\000.\0003\000.\0002\000\040\000M\000e\000m\000b\000e\000r\000\040\000F\000u\000n\000c\000t\000i\000o\000n\000\040\000D\000o\000c\000u\000m\000e\000n\000t\000a\000t\000i\000o\000n}{section.8.3}% 77
\BOOKMARK [3][-]{subsubsection.8.3.2.1}{\376\377\0008\000.\0003\000.\0002\000.\0001\000\040\000d\000o\000F\000i\000l\000t\000e\000r\000\050\000\051}{subsection.8.3.2}% 78
\BOOKMARK [1][-]{section.8.4}{\376\377\0008\000.\0004\000\040\000c\000o\000m\000.\000e\000x\000a\000m\000p\000l\000e\000.\000f\000o\000o\000t\000b\000a\000l\000l\000\137\000m\000a\000n\000a\000g\000e\000r\000.\000c\000o\000n\000t\000r\000o\000l\000l\000e\000r\000.\000A\000d\000m\000i\000n\000U\000s\000e\000r\000V\000i\000e\000w\000C\000o\000n\000t\000r\000o\000l\000l\000e\000r\000\040\000C\000l\000a\000s\000s\000\040\000R\000e\000f\000e\000r\000e\000n\000c\000e}{chapter.8}% 79
\BOOKMARK [2][-]{subsection.8.4.1}{\376\377\0008\000.\0004\000.\0001\000\040\000D\000e\000t\000a\000i\000l\000e\000d\000\040\000D\000e\000s\000c\000r\000i\000p\000t\000i\000o\000n}{section.8.4}% 80
\BOOKMARK [2][-]{subsection.8.4.2}{\376\377\0008\000.\0004\000.\0002\000\040\000C\000o\000n\000s\000t\000r\000u\000c\000t\000o\000r\000\040\000\046\000\040\000D\000e\000s\000t\000r\000u\000c\000t\000o\000r\000\040\000D\000o\000c\000u\000m\000e\000n\000t\000a\000t\000i\000o\000n}{section.8.4}% 81
\BOOKMARK [3][-]{subsubsection.8.4.2.1}{\376\377\0008\000.\0004\000.\0002\000.\0001\000\040\000A\000d\000m\000i\000n\000U\000s\000e\000r\000V\000i\000e\000w\000C\000o\000n\000t\000r\000o\000l\000l\000e\000r\000\050\000\051}{subsection.8.4.2}% 82
\BOOKMARK [2][-]{subsection.8.4.3}{\376\377\0008\000.\0004\000.\0003\000\040\000M\000e\000m\000b\000e\000r\000\040\000F\000u\000n\000c\000t\000i\000o\000n\000\040\000D\000o\000c\000u\000m\000e\000n\000t\000a\000t\000i\000o\000n}{section.8.4}% 83
\BOOKMARK [3][-]{subsubsection.8.4.3.1}{\376\377\0008\000.\0004\000.\0003\000.\0001\000\040\000c\000r\000e\000a\000t\000e\000U\000s\000e\000r\000\050\000\051}{subsection.8.4.3}% 84
\BOOKMARK [3][-]{subsubsection.8.4.3.2}{\376\377\0008\000.\0004\000.\0003\000.\0002\000\040\000u\000s\000e\000r\000s\000P\000a\000g\000e\000\050\000\051}{subsection.8.4.3}% 85
\BOOKMARK [1][-]{section.8.5}{\376\377\0008\000.\0005\000\040\000c\000o\000m\000.\000e\000x\000a\000m\000p\000l\000e\000.\000f\000o\000o\000t\000b\000a\000l\000l\000\137\000m\000a\000n\000a\000g\000e\000r\000.\000c\000o\000n\000t\000r\000o\000l\000l\000e\000r\000.\000A\000d\000m\000i\000n\000V\000i\000e\000w\000C\000o\000n\000t\000r\000o\000l\000l\000e\000r\000\040\000C\000l\000a\000s\000s\000\040\000R\000e\000f\000e\000r\000e\000n\000c\000e}{chapter.8}% 86
\BOOKMARK [2][-]{subsection.8.5.1}{\376\377\0008\000.\0005\000.\0001\000\040\000D\000e\000t\000a\000i\000l\000e\000d\000\040\000D\000e\000s\000c\000r\000i\000p\000t\000i\000o\000n}{section.8.5}% 87
\BOOKMARK [2][-]{subsection.8.5.2}{\376\377\0008\000.\0005\000.\0002\000\040\000M\000e\000m\000b\000e\000r\000\040\000F\000u\000n\000c\000t\000i\000o\000n\000\040\000D\000o\000c\000u\000m\000e\000n\000t\000a\000t\000i\000o\000n}{section.8.5}% 88
\BOOKMARK [3][-]{subsubsection.8.5.2.1}{\376\377\0008\000.\0005\000.\0002\000.\0001\000\040\000a\000d\000m\000i\000n\000P\000a\000n\000e\000l\000\050\000\051}{subsection.8.5.2}% 89
\BOOKMARK [3][-]{subsubsection.8.5.2.2}{\376\377\0008\000.\0005\000.\0002\000.\0002\000\040\000m\000a\000n\000a\000g\000e\000T\000e\000a\000m\000s\000\050\000\051}{subsection.8.5.2}% 90
\BOOKMARK [1][-]{section.8.6}{\376\377\0008\000.\0006\000\040\000c\000o\000m\000.\000e\000x\000a\000m\000p\000l\000e\000.\000f\000o\000o\000t\000b\000a\000l\000l\000\137\000m\000a\000n\000a\000g\000e\000r\000.\000c\000o\000n\000t\000r\000o\000l\000l\000e\000r\000.\000A\000u\000t\000h\000C\000o\000n\000t\000r\000o\000l\000l\000e\000r\000\040\000C\000l\000a\000s\000s\000\040\000R\000e\000f\000e\000r\000e\000n\000c\000e}{chapter.8}% 91
\BOOKMARK [2][-]{subsection.8.6.1}{\376\377\0008\000.\0006\000.\0001\000\040\000D\000e\000t\000a\000i\000l\000e\000d\000\040\000D\000e\000s\000c\000r\000i\000p\000t\000i\000o\000n}{section.8.6}% 92
\BOOKMARK [2][-]{subsection.8.6.2}{\376\377\0008\000.\0006\000.\0002\000\040\000M\000e\000m\000b\000e\000r\000\040\000F\000u\000n\000c\000t\000i\000o\000n\000\040\000D\000o\000c\000u\000m\000e\000n\000t\000a\000t\000i\000o\000n}{section.8.6}% 93
\BOOKMARK [3][-]{subsubsection.8.6.2.1}{\376\377\0008\000.\0006\000.\0002\000.\0001\000\040\000l\000o\000g\000i\000n\000\050\000\051}{subsection.8.6.2}% 94
\BOOKMARK [3][-]{subsubsection.8.6.2.2}{\376\377\0008\000.\0006\000.\0002\000.\0002\000\040\000r\000e\000g\000i\000s\000t\000e\000r\000\050\000\051}{subsection.8.6.2}% 95
\BOOKMARK [1][-]{section.8.7}{\376\377\0008\000.\0007\000\040\000c\000o\000m\000.\000e\000x\000a\000m\000p\000l\000e\000.\000f\000o\000o\000t\000b\000a\000l\000l\000\137\000m\000a\000n\000a\000g\000e\000r\000.\000d\000t\000o\000.\000A\000u\000t\000h\000R\000e\000s\000p\000o\000n\000s\000e\000D\000T\000O\000\040\000C\000l\000a\000s\000s\000\040\000R\000e\000f\000e\000r\000e\000n\000c\000e}{chapter.8}% 96
\BOOKMARK [2][-]{subsection.8.7.1}{\376\377\0008\000.\0007\000.\0001\000\040\000D\000e\000t\000a\000i\000l\000e\000d\000\040\000D\000e\000s\000c\000r\000i\000p\000t\000i\000o\000n}{section.8.7}% 97
\BOOKMARK [2][-]{subsection.8.7.2}{\376\377\0008\000.\0007\000.\0002\000\040\000C\000o\000n\000s\000t\000r\000u\000c\000t\000o\000r\000\040\000\046\000\040\000D\000e\000s\000t\000r\000u\000c\000t\000o\000r\000\040\000D\000o\000c\000u\000m\000e\000n\000t\000a\000t\000i\000o\000n}{section.8.7}% 98
\BOOKMARK [3][-]{subsubsection.8.7.2.1}{\376\377\0008\000.\0007\000.\0002\000.\0001\000\040\000A\000u\000t\000h\000R\000e\000s\000p\000o\000n\000s\000e\000D\000T\000O\000\050\000\051}{subsection.8.7.2}% 99
\BOOKMARK [2][-]{subsection.8.7.3}{\376\377\0008\000.\0007\000.\0003\000\040\000M\000e\000m\000b\000e\000r\000\040\000F\000u\000n\000c\000t\000i\000o\000n\000\040\000D\000o\000c\000u\000m\000e\000n\000t\000a\000t\000i\000o\000n}{section.8.7}% 100
\BOOKMARK [3][-]{subsubsection.8.7.3.1}{\376\377\0008\000.\0007\000.\0003\000.\0001\000\040\000g\000e\000t\000E\000m\000a\000i\000l\000\050\000\051}{subsection.8.7.3}% 101
\BOOKMARK [3][-]{subsubsection.8.7.3.2}{\376\377\0008\000.\0007\000.\0003\000.\0002\000\040\000g\000e\000t\000I\000d\000\050\000\051}{subsection.8.7.3}% 102
\BOOKMARK [3][-]{subsubsection.8.7.3.3}{\376\377\0008\000.\0007\000.\0003\000.\0003\000\040\000g\000e\000t\000I\000s\000A\000d\000m\000i\000n\000\050\000\051}{subsection.8.7.3}% 103
\BOOKMARK [3][-]{subsubsection.8.7.3.4}{\376\377\0008\000.\0007\000.\0003\000.\0004\000\040\000g\000e\000t\000M\000e\000s\000s\000a\000g\000e\000\050\000\051}{subsection.8.7.3}% 104
\BOOKMARK [3][-]{subsubsection.8.7.3.5}{\376\377\0008\000.\0007\000.\0003\000.\0005\000\040\000g\000e\000t\000U\000s\000e\000r\000n\000a\000m\000e\000\050\000\051}{subsection.8.7.3}% 105
\BOOKMARK [1][-]{section.8.8}{\376\377\0008\000.\0008\000\040\000c\000o\000m\000.\000e\000x\000a\000m\000p\000l\000e\000.\000f\000o\000o\000t\000b\000a\000l\000l\000\137\000m\000a\000n\000a\000g\000e\000r\000.\000c\000o\000n\000t\000r\000o\000l\000l\000e\000r\000.\000A\000u\000t\000h\000V\000i\000e\000w\000C\000o\000n\000t\000r\000o\000l\000l\000e\000r\000\040\000C\000l\000a\000s\000s\000\040\000R\000e\000f\000e\000r\000e\000n\000c\000e}{chapter.8}% 106
\BOOKMARK [2][-]{subsection.8.8.1}{\376\377\0008\000.\0008\000.\0001\000\040\000D\000e\000t\000a\000i\000l\000e\000d\000\040\000D\000e\000s\000c\000r\000i\000p\000t\000i\000o\000n}{section.8.8}% 107
\BOOKMARK [2][-]{subsection.8.8.2}{\376\377\0008\000.\0008\000.\0002\000\040\000M\000e\000m\000b\000e\000r\000\040\000F\000u\000n\000c\000t\000i\000o\000n\000\040\000D\000o\000c\000u\000m\000e\000n\000t\000a\000t\000i\000o\000n}{section.8.8}% 108
\BOOKMARK [3][-]{subsubsection.8.8.2.1}{\376\377\0008\000.\0008\000.\0002\000.\0001\000\040\000i\000n\000d\000e\000x\000\050\000\051}{subsection.8.8.2}% 109
\BOOKMARK [3][-]{subsubsection.8.8.2.2}{\376\377\0008\000.\0008\000.\0002\000.\0002\000\040\000l\000o\000g\000i\000n\000P\000a\000g\000e\000\050\000\051}{subsection.8.8.2}% 110
\BOOKMARK [3][-]{subsubsection.8.8.2.3}{\376\377\0008\000.\0008\000.\0002\000.\0003\000\040\000r\000e\000g\000i\000s\000t\000e\000r\000P\000a\000g\000e\000\050\000\051}{subsection.8.8.2}% 111
\BOOKMARK [1][-]{section.8.9}{\376\377\0008\000.\0009\000\040\000c\000o\000m\000.\000e\000x\000a\000m\000p\000l\000e\000.\000f\000o\000o\000t\000b\000a\000l\000l\000\137\000m\000a\000n\000a\000g\000e\000r\000.\000c\000o\000n\000f\000i\000g\000.\000C\000a\000c\000h\000e\000C\000o\000n\000f\000i\000g\000\040\000C\000l\000a\000s\000s\000\040\000R\000e\000f\000e\000r\000e\000n\000c\000e}{chapter.8}% 112
\BOOKMARK [2][-]{subsection.8.9.1}{\376\377\0008\000.\0009\000.\0001\000\040\000D\000e\000t\000a\000i\000l\000e\000d\000\040\000D\000e\000s\000c\000r\000i\000p\000t\000i\000o\000n}{section.8.9}% 113
\BOOKMARK [2][-]{subsection.8.9.2}{\376\377\0008\000.\0009\000.\0002\000\040\000M\000e\000m\000b\000e\000r\000\040\000F\000u\000n\000c\000t\000i\000o\000n\000\040\000D\000o\000c\000u\000m\000e\000n\000t\000a\000t\000i\000o\000n}{section.8.9}% 114
\BOOKMARK [3][-]{subsubsection.8.9.2.1}{\376\377\0008\000.\0009\000.\0002\000.\0001\000\040\000c\000a\000c\000h\000e\000M\000a\000n\000a\000g\000e\000r\000\050\000\051}{subsection.8.9.2}% 115
\BOOKMARK [1][-]{section.8.10}{\376\377\0008\000.\0001\0000\000\040\000c\000o\000m\000.\000e\000x\000a\000m\000p\000l\000e\000.\000f\000o\000o\000t\000b\000a\000l\000l\000\137\000m\000a\000n\000a\000g\000e\000r\000.\000m\000o\000d\000e\000l\000.\000C\000o\000m\000p\000e\000t\000i\000t\000i\000o\000n\000\040\000C\000l\000a\000s\000s\000\040\000R\000e\000f\000e\000r\000e\000n\000c\000e}{chapter.8}% 116
\BOOKMARK [2][-]{subsection.8.10.1}{\376\377\0008\000.\0001\0000\000.\0001\000\040\000D\000e\000t\000a\000i\000l\000e\000d\000\040\000D\000e\000s\000c\000r\000i\000p\000t\000i\000o\000n}{section.8.10}% 117
\BOOKMARK [1][-]{section.8.11}{\376\377\0008\000.\0001\0001\000\040\000c\000o\000m\000.\000e\000x\000a\000m\000p\000l\000e\000.\000f\000o\000o\000t\000b\000a\000l\000l\000\137\000m\000a\000n\000a\000g\000e\000r\000.\000c\000o\000n\000t\000r\000o\000l\000l\000e\000r\000.\000C\000o\000m\000p\000e\000t\000i\000t\000i\000o\000n\000C\000o\000n\000t\000r\000o\000l\000l\000e\000r\000\040\000C\000l\000a\000s\000s\000\040\000R\000e\000f\000e\000r\000e\000n\000c\000e}{chapter.8}% 118
\BOOKMARK [2][-]{subsection.8.11.1}{\376\377\0008\000.\0001\0001\000.\0001\000\040\000D\000e\000t\000a\000i\000l\000e\000d\000\040\000D\000e\000s\000c\000r\000i\000p\000t\000i\000o\000n}{section.8.11}% 119
\BOOKMARK [2][-]{subsection.8.11.2}{\376\377\0008\000.\0001\0001\000.\0002\000\040\000C\000o\000n\000s\000t\000r\000u\000c\000t\000o\000r\000\040\000\046\000\040\000D\000e\000s\000t\000r\000u\000c\000t\000o\000r\000\040\000D\000o\000c\000u\000m\000e\000n\000t\000a\000t\000i\000o\000n}{section.8.11}% 120
\BOOKMARK [3][-]{subsubsection.8.11.2.1}{\376\377\0008\000.\0001\0001\000.\0002\000.\0001\000\040\000C\000o\000m\000p\000e\000t\000i\000t\000i\000o\000n\000C\000o\000n\000t\000r\000o\000l\000l\000e\000r\000\050\000\051}{subsection.8.11.2}% 121
\BOOKMARK [2][-]{subsection.8.11.3}{\376\377\0008\000.\0001\0001\000.\0003\000\040\000M\000e\000m\000b\000e\000r\000\040\000F\000u\000n\000c\000t\000i\000o\000n\000\040\000D\000o\000c\000u\000m\000e\000n\000t\000a\000t\000i\000o\000n}{section.8.11}% 122
\BOOKMARK [3][-]{subsubsection.8.11.3.1}{\376\377\0008\000.\0001\0001\000.\0003\000.\0001\000\040\000c\000r\000e\000a\000t\000e\000C\000o\000m\000p\000e\000t\000i\000t\000i\000o\000n\000\050\000\051}{subsection.8.11.3}% 123
\BOOKMARK [3][-]{subsubsection.8.11.3.2}{\376\377\0008\000.\0001\0001\000.\0003\000.\0002\000\040\000d\000e\000l\000e\000t\000e\000C\000o\000m\000p\000e\000t\000i\000t\000i\000o\000n\000\050\000\051}{subsection.8.11.3}% 124
\BOOKMARK [3][-]{subsubsection.8.11.3.3}{\376\377\0008\000.\0001\0001\000.\0003\000.\0003\000\040\000g\000e\000t\000A\000l\000l\000C\000o\000m\000p\000e\000t\000i\000t\000i\000o\000n\000s\000\050\000\051}{subsection.8.11.3}% 125
\BOOKMARK [3][-]{subsubsection.8.11.3.4}{\376\377\0008\000.\0001\0001\000.\0003\000.\0004\000\040\000g\000e\000t\000C\000o\000m\000p\000e\000t\000i\000t\000i\000o\000n\000B\000y\000I\000d\000\050\000\051}{subsection.8.11.3}% 126
\BOOKMARK [3][-]{subsubsection.8.11.3.5}{\376\377\0008\000.\0001\0001\000.\0003\000.\0005\000\040\000u\000p\000d\000a\000t\000e\000C\000o\000m\000p\000e\000t\000i\000t\000i\000o\000n\000\050\000\051}{subsection.8.11.3}% 127
\BOOKMARK [1][-]{section.8.12}{\376\377\0008\000.\0001\0002\000\040\000c\000o\000m\000.\000e\000x\000a\000m\000p\000l\000e\000.\000f\000o\000o\000t\000b\000a\000l\000l\000\137\000m\000a\000n\000a\000g\000e\000r\000.\000r\000e\000p\000o\000s\000i\000t\000o\000r\000y\000.\000C\000o\000m\000p\000e\000t\000i\000t\000i\000o\000n\000R\000e\000p\000o\000s\000i\000t\000o\000r\000y\000\040\000I\000n\000t\000e\000r\000f\000a\000c\000e\000\040\000R\000e\000f\000e\000r\000e\000n\000c\000e}{chapter.8}% 128
\BOOKMARK [2][-]{subsection.8.12.1}{\376\377\0008\000.\0001\0002\000.\0001\000\040\000D\000e\000t\000a\000i\000l\000e\000d\000\040\000D\000e\000s\000c\000r\000i\000p\000t\000i\000o\000n}{section.8.12}% 129
\BOOKMARK [1][-]{section.8.13}{\376\377\0008\000.\0001\0003\000\040\000c\000o\000m\000.\000e\000x\000a\000m\000p\000l\000e\000.\000f\000o\000o\000t\000b\000a\000l\000l\000\137\000m\000a\000n\000a\000g\000e\000r\000.\000d\000t\000o\000.\000C\000o\000m\000p\000e\000t\000i\000t\000i\000o\000n\000R\000e\000q\000u\000e\000s\000t\000D\000T\000O\000\040\000C\000l\000a\000s\000s\000\040\000R\000e\000f\000e\000r\000e\000n\000c\000e}{chapter.8}% 130
\BOOKMARK [2][-]{subsection.8.13.1}{\376\377\0008\000.\0001\0003\000.\0001\000\040\000D\000e\000t\000a\000i\000l\000e\000d\000\040\000D\000e\000s\000c\000r\000i\000p\000t\000i\000o\000n}{section.8.13}% 131
\BOOKMARK [2][-]{subsection.8.13.2}{\376\377\0008\000.\0001\0003\000.\0002\000\040\000C\000o\000n\000s\000t\000r\000u\000c\000t\000o\000r\000\040\000\046\000\040\000D\000e\000s\000t\000r\000u\000c\000t\000o\000r\000\040\000D\000o\000c\000u\000m\000e\000n\000t\000a\000t\000i\000o\000n}{section.8.13}% 132
\BOOKMARK [3][-]{subsubsection.8.13.2.1}{\376\377\0008\000.\0001\0003\000.\0002\000.\0001\000\040\000C\000o\000m\000p\000e\000t\000i\000t\000i\000o\000n\000R\000e\000q\000u\000e\000s\000t\000D\000T\000O\000\050\000\051\000\040\000[\0001\000/\0002\000]}{subsection.8.13.2}% 133
\BOOKMARK [3][-]{subsubsection.8.13.2.2}{\376\377\0008\000.\0001\0003\000.\0002\000.\0002\000\040\000C\000o\000m\000p\000e\000t\000i\000t\000i\000o\000n\000R\000e\000q\000u\000e\000s\000t\000D\000T\000O\000\050\000\051\000\040\000[\0002\000/\0002\000]}{subsection.8.13.2}% 134
\BOOKMARK [2][-]{subsection.8.13.3}{\376\377\0008\000.\0001\0003\000.\0003\000\040\000M\000e\000m\000b\000e\000r\000\040\000F\000u\000n\000c\000t\000i\000o\000n\000\040\000D\000o\000c\000u\000m\000e\000n\000t\000a\000t\000i\000o\000n}{section.8.13}% 135
\BOOKMARK [3][-]{subsubsection.8.13.3.1}{\376\377\0008\000.\0001\0003\000.\0003\000.\0001\000\040\000g\000e\000t\000N\000a\000m\000e\000\050\000\051}{subsection.8.13.3}% 136
\BOOKMARK [3][-]{subsubsection.8.13.3.2}{\376\377\0008\000.\0001\0003\000.\0003\000.\0002\000\040\000s\000e\000t\000N\000a\000m\000e\000\050\000\051}{subsection.8.13.3}% 137
\BOOKMARK [1][-]{section.8.14}{\376\377\0008\000.\0001\0004\000\040\000c\000o\000m\000.\000e\000x\000a\000m\000p\000l\000e\000.\000f\000o\000o\000t\000b\000a\000l\000l\000\137\000m\000a\000n\000a\000g\000e\000r\000.\000s\000e\000r\000v\000i\000c\000e\000.\000C\000o\000m\000p\000e\000t\000i\000t\000i\000o\000n\000S\000e\000r\000v\000i\000c\000e\000\040\000C\000l\000a\000s\000s\000\040\000R\000e\000f\000e\000r\000e\000n\000c\000e}{chapter.8}% 138
\BOOKMARK [2][-]{subsection.8.14.1}{\376\377\0008\000.\0001\0004\000.\0001\000\040\000D\000e\000t\000a\000i\000l\000e\000d\000\040\000D\000e\000s\000c\000r\000i\000p\000t\000i\000o\000n}{section.8.14}% 139
\BOOKMARK [2][-]{subsection.8.14.2}{\376\377\0008\000.\0001\0004\000.\0002\000\040\000C\000o\000n\000s\000t\000r\000u\000c\000t\000o\000r\000\040\000\046\000\040\000D\000e\000s\000t\000r\000u\000c\000t\000o\000r\000\040\000D\000o\000c\000u\000m\000e\000n\000t\000a\000t\000i\000o\000n}{section.8.14}% 140
\BOOKMARK [3][-]{subsubsection.8.14.2.1}{\376\377\0008\000.\0001\0004\000.\0002\000.\0001\000\040\000C\000o\000m\000p\000e\000t\000i\000t\000i\000o\000n\000S\000e\000r\000v\000i\000c\000e\000\050\000\051}{subsection.8.14.2}% 141
\BOOKMARK [2][-]{subsection.8.14.3}{\376\377\0008\000.\0001\0004\000.\0003\000\040\000M\000e\000m\000b\000e\000r\000\040\000F\000u\000n\000c\000t\000i\000o\000n\000\040\000D\000o\000c\000u\000m\000e\000n\000t\000a\000t\000i\000o\000n}{section.8.14}% 142
\BOOKMARK [3][-]{subsubsection.8.14.3.1}{\376\377\0008\000.\0001\0004\000.\0003\000.\0001\000\040\000c\000r\000e\000a\000t\000e\000C\000o\000m\000p\000e\000t\000i\000t\000i\000o\000n\000\050\000\051}{subsection.8.14.3}% 143
\BOOKMARK [3][-]{subsubsection.8.14.3.2}{\376\377\0008\000.\0001\0004\000.\0003\000.\0002\000\040\000d\000e\000l\000e\000t\000e\000C\000o\000m\000p\000e\000t\000i\000t\000i\000o\000n\000\050\000\051}{subsection.8.14.3}% 144
\BOOKMARK [3][-]{subsubsection.8.14.3.3}{\376\377\0008\000.\0001\0004\000.\0003\000.\0003\000\040\000g\000e\000t\000A\000l\000l\000C\000o\000m\000p\000e\000t\000i\000t\000i\000o\000n\000s\000\050\000\051}{subsection.8.14.3}% 145
\BOOKMARK [3][-]{subsubsection.8.14.3.4}{\376\377\0008\000.\0001\0004\000.\0003\000.\0004\000\040\000g\000e\000t\000C\000o\000m\000p\000e\000t\000i\000t\000i\000o\000n\000B\000y\000I\000d\000\050\000\051}{subsection.8.14.3}% 146
\BOOKMARK [3][-]{subsubsection.8.14.3.5}{\376\377\0008\000.\0001\0004\000.\0003\000.\0005\000\040\000u\000p\000d\000a\000t\000e\000C\000o\000m\000p\000e\000t\000i\000t\000i\000o\000n\000\050\000\051}{subsection.8.14.3}% 147
\BOOKMARK [1][-]{section.8.15}{\376\377\0008\000.\0001\0005\000\040\000c\000o\000m\000.\000e\000x\000a\000m\000p\000l\000e\000.\000f\000o\000o\000t\000b\000a\000l\000l\000\137\000m\000a\000n\000a\000g\000e\000r\000.\000m\000o\000d\000e\000l\000.\000C\000o\000u\000n\000t\000r\000y\000\040\000C\000l\000a\000s\000s\000\040\000R\000e\000f\000e\000r\000e\000n\000c\000e}{chapter.8}% 148
\BOOKMARK [2][-]{subsection.8.15.1}{\376\377\0008\000.\0001\0005\000.\0001\000\040\000D\000e\000t\000a\000i\000l\000e\000d\000\040\000D\000e\000s\000c\000r\000i\000p\000t\000i\000o\000n}{section.8.15}% 149
\BOOKMARK [1][-]{section.8.16}{\376\377\0008\000.\0001\0006\000\040\000c\000o\000m\000.\000e\000x\000a\000m\000p\000l\000e\000.\000f\000o\000o\000t\000b\000a\000l\000l\000\137\000m\000a\000n\000a\000g\000e\000r\000.\000c\000o\000n\000t\000r\000o\000l\000l\000e\000r\000.\000C\000o\000u\000n\000t\000r\000y\000C\000o\000n\000t\000r\000o\000l\000l\000e\000r\000\040\000C\000l\000a\000s\000s\000\040\000R\000e\000f\000e\000r\000e\000n\000c\000e}{chapter.8}% 150
\BOOKMARK [2][-]{subsection.8.16.1}{\376\377\0008\000.\0001\0006\000.\0001\000\040\000D\000e\000t\000a\000i\000l\000e\000d\000\040\000D\000e\000s\000c\000r\000i\000p\000t\000i\000o\000n}{section.8.16}% 151
\BOOKMARK [2][-]{subsection.8.16.2}{\376\377\0008\000.\0001\0006\000.\0002\000\040\000C\000o\000n\000s\000t\000r\000u\000c\000t\000o\000r\000\040\000\046\000\040\000D\000e\000s\000t\000r\000u\000c\000t\000o\000r\000\040\000D\000o\000c\000u\000m\000e\000n\000t\000a\000t\000i\000o\000n}{section.8.16}% 152
\BOOKMARK [3][-]{subsubsection.8.16.2.1}{\376\377\0008\000.\0001\0006\000.\0002\000.\0001\000\040\000C\000o\000u\000n\000t\000r\000y\000C\000o\000n\000t\000r\000o\000l\000l\000e\000r\000\050\000\051}{subsection.8.16.2}% 153
\BOOKMARK [2][-]{subsection.8.16.3}{\376\377\0008\000.\0001\0006\000.\0003\000\040\000M\000e\000m\000b\000e\000r\000\040\000F\000u\000n\000c\000t\000i\000o\000n\000\040\000D\000o\000c\000u\000m\000e\000n\000t\000a\000t\000i\000o\000n}{section.8.16}% 154
\BOOKMARK [3][-]{subsubsection.8.16.3.1}{\376\377\0008\000.\0001\0006\000.\0003\000.\0001\000\040\000c\000r\000e\000a\000t\000e\000C\000o\000u\000n\000t\000r\000y\000\050\000\051}{subsection.8.16.3}% 155
\BOOKMARK [3][-]{subsubsection.8.16.3.2}{\376\377\0008\000.\0001\0006\000.\0003\000.\0002\000\040\000d\000e\000l\000e\000t\000e\000C\000o\000u\000n\000t\000r\000y\000\050\000\051}{subsection.8.16.3}% 156
\BOOKMARK [3][-]{subsubsection.8.16.3.3}{\376\377\0008\000.\0001\0006\000.\0003\000.\0003\000\040\000g\000e\000t\000A\000l\000l\000C\000o\000u\000n\000t\000r\000i\000e\000s\000\050\000\051}{subsection.8.16.3}% 157
\BOOKMARK [1][-]{section.8.17}{\376\377\0008\000.\0001\0007\000\040\000c\000o\000m\000.\000e\000x\000a\000m\000p\000l\000e\000.\000f\000o\000o\000t\000b\000a\000l\000l\000\137\000m\000a\000n\000a\000g\000e\000r\000.\000r\000e\000p\000o\000s\000i\000t\000o\000r\000y\000.\000C\000o\000u\000n\000t\000r\000y\000R\000e\000p\000o\000s\000i\000t\000o\000r\000y\000\040\000I\000n\000t\000e\000r\000f\000a\000c\000e\000\040\000R\000e\000f\000e\000r\000e\000n\000c\000e}{chapter.8}% 158
\BOOKMARK [2][-]{subsection.8.17.1}{\376\377\0008\000.\0001\0007\000.\0001\000\040\000D\000e\000t\000a\000i\000l\000e\000d\000\040\000D\000e\000s\000c\000r\000i\000p\000t\000i\000o\000n}{section.8.17}% 159
\BOOKMARK [1][-]{section.8.18}{\376\377\0008\000.\0001\0008\000\040\000c\000o\000m\000.\000e\000x\000a\000m\000p\000l\000e\000.\000f\000o\000o\000t\000b\000a\000l\000l\000\137\000m\000a\000n\000a\000g\000e\000r\000.\000d\000t\000o\000.\000C\000o\000u\000n\000t\000r\000y\000R\000e\000q\000u\000e\000s\000t\000D\000T\000O\000\040\000C\000l\000a\000s\000s\000\040\000R\000e\000f\000e\000r\000e\000n\000c\000e}{chapter.8}% 160
\BOOKMARK [2][-]{subsection.8.18.1}{\376\377\0008\000.\0001\0008\000.\0001\000\040\000D\000e\000t\000a\000i\000l\000e\000d\000\040\000D\000e\000s\000c\000r\000i\000p\000t\000i\000o\000n}{section.8.18}% 161
\BOOKMARK [2][-]{subsection.8.18.2}{\376\377\0008\000.\0001\0008\000.\0002\000\040\000C\000o\000n\000s\000t\000r\000u\000c\000t\000o\000r\000\040\000\046\000\040\000D\000e\000s\000t\000r\000u\000c\000t\000o\000r\000\040\000D\000o\000c\000u\000m\000e\000n\000t\000a\000t\000i\000o\000n}{section.8.18}% 162
\BOOKMARK [3][-]{subsubsection.8.18.2.1}{\376\377\0008\000.\0001\0008\000.\0002\000.\0001\000\040\000C\000o\000u\000n\000t\000r\000y\000R\000e\000q\000u\000e\000s\000t\000D\000T\000O\000\050\000\051\000\040\000[\0001\000/\0002\000]}{subsection.8.18.2}% 163
\BOOKMARK [3][-]{subsubsection.8.18.2.2}{\376\377\0008\000.\0001\0008\000.\0002\000.\0002\000\040\000C\000o\000u\000n\000t\000r\000y\000R\000e\000q\000u\000e\000s\000t\000D\000T\000O\000\050\000\051\000\040\000[\0002\000/\0002\000]}{subsection.8.18.2}% 164
\BOOKMARK [2][-]{subsection.8.18.3}{\376\377\0008\000.\0001\0008\000.\0003\000\040\000M\000e\000m\000b\000e\000r\000\040\000F\000u\000n\000c\000t\000i\000o\000n\000\040\000D\000o\000c\000u\000m\000e\000n\000t\000a\000t\000i\000o\000n}{section.8.18}% 165
\BOOKMARK [3][-]{subsubsection.8.18.3.1}{\376\377\0008\000.\0001\0008\000.\0003\000.\0001\000\040\000g\000e\000t\000N\000a\000m\000e\000\050\000\051}{subsection.8.18.3}% 166
\BOOKMARK [3][-]{subsubsection.8.18.3.2}{\376\377\0008\000.\0001\0008\000.\0003\000.\0002\000\040\000s\000e\000t\000N\000a\000m\000e\000\050\000\051}{subsection.8.18.3}% 167
\BOOKMARK [1][-]{section.8.19}{\376\377\0008\000.\0001\0009\000\040\000c\000o\000m\000.\000e\000x\000a\000m\000p\000l\000e\000.\000f\000o\000o\000t\000b\000a\000l\000l\000\137\000m\000a\000n\000a\000g\000e\000r\000.\000s\000e\000r\000v\000i\000c\000e\000.\000C\000o\000u\000n\000t\000r\000y\000S\000e\000r\000v\000i\000c\000e\000\040\000C\000l\000a\000s\000s\000\040\000R\000e\000f\000e\000r\000e\000n\000c\000e}{chapter.8}% 168
\BOOKMARK [2][-]{subsection.8.19.1}{\376\377\0008\000.\0001\0009\000.\0001\000\040\000D\000e\000t\000a\000i\000l\000e\000d\000\040\000D\000e\000s\000c\000r\000i\000p\000t\000i\000o\000n}{section.8.19}% 169
\BOOKMARK [2][-]{subsection.8.19.2}{\376\377\0008\000.\0001\0009\000.\0002\000\040\000C\000o\000n\000s\000t\000r\000u\000c\000t\000o\000r\000\040\000\046\000\040\000D\000e\000s\000t\000r\000u\000c\000t\000o\000r\000\040\000D\000o\000c\000u\000m\000e\000n\000t\000a\000t\000i\000o\000n}{section.8.19}% 170
\BOOKMARK [3][-]{subsubsection.8.19.2.1}{\376\377\0008\000.\0001\0009\000.\0002\000.\0001\000\040\000C\000o\000u\000n\000t\000r\000y\000S\000e\000r\000v\000i\000c\000e\000\050\000\051}{subsection.8.19.2}% 171
\BOOKMARK [2][-]{subsection.8.19.3}{\376\377\0008\000.\0001\0009\000.\0003\000\040\000M\000e\000m\000b\000e\000r\000\040\000F\000u\000n\000c\000t\000i\000o\000n\000\040\000D\000o\000c\000u\000m\000e\000n\000t\000a\000t\000i\000o\000n}{section.8.19}% 172
\BOOKMARK [3][-]{subsubsection.8.19.3.1}{\376\377\0008\000.\0001\0009\000.\0003\000.\0001\000\040\000c\000r\000e\000a\000t\000e\000C\000o\000u\000n\000t\000r\000y\000\050\000\051}{subsection.8.19.3}% 173
\BOOKMARK [3][-]{subsubsection.8.19.3.2}{\376\377\0008\000.\0001\0009\000.\0003\000.\0002\000\040\000d\000e\000l\000e\000t\000e\000C\000o\000u\000n\000t\000r\000y\000\050\000\051}{subsection.8.19.3}% 174
\BOOKMARK [3][-]{subsubsection.8.19.3.3}{\376\377\0008\000.\0001\0009\000.\0003\000.\0003\000\040\000g\000e\000t\000A\000l\000l\000C\000o\000u\000n\000t\000r\000i\000e\000s\000\050\000\051}{subsection.8.19.3}% 175
\BOOKMARK [1][-]{section.8.20}{\376\377\0008\000.\0002\0000\000\040\000c\000o\000m\000.\000e\000x\000a\000m\000p\000l\000e\000.\000f\000o\000o\000t\000b\000a\000l\000l\000\137\000m\000a\000n\000a\000g\000e\000r\000.\000c\000o\000n\000t\000r\000o\000l\000l\000e\000r\000.\000F\000a\000v\000o\000u\000r\000i\000t\000e\000T\000e\000a\000m\000C\000o\000n\000t\000r\000o\000l\000l\000e\000r\000\040\000C\000l\000a\000s\000s\000\040\000R\000e\000f\000e\000r\000e\000n\000c\000e}{chapter.8}% 176
\BOOKMARK [2][-]{subsection.8.20.1}{\376\377\0008\000.\0002\0000\000.\0001\000\040\000D\000e\000t\000a\000i\000l\000e\000d\000\040\000D\000e\000s\000c\000r\000i\000p\000t\000i\000o\000n}{section.8.20}% 177
\BOOKMARK [2][-]{subsection.8.20.2}{\376\377\0008\000.\0002\0000\000.\0002\000\040\000C\000o\000n\000s\000t\000r\000u\000c\000t\000o\000r\000\040\000\046\000\040\000D\000e\000s\000t\000r\000u\000c\000t\000o\000r\000\040\000D\000o\000c\000u\000m\000e\000n\000t\000a\000t\000i\000o\000n}{section.8.20}% 178
\BOOKMARK [3][-]{subsubsection.8.20.2.1}{\376\377\0008\000.\0002\0000\000.\0002\000.\0001\000\040\000F\000a\000v\000o\000u\000r\000i\000t\000e\000T\000e\000a\000m\000C\000o\000n\000t\000r\000o\000l\000l\000e\000r\000\050\000\051}{subsection.8.20.2}% 179
\BOOKMARK [2][-]{subsection.8.20.3}{\376\377\0008\000.\0002\0000\000.\0003\000\040\000M\000e\000m\000b\000e\000r\000\040\000F\000u\000n\000c\000t\000i\000o\000n\000\040\000D\000o\000c\000u\000m\000e\000n\000t\000a\000t\000i\000o\000n}{section.8.20}% 180
\BOOKMARK [3][-]{subsubsection.8.20.3.1}{\376\377\0008\000.\0002\0000\000.\0003\000.\0001\000\040\000a\000d\000d\000F\000a\000v\000o\000u\000r\000i\000t\000e\000T\000e\000a\000m\000\050\000\051}{subsection.8.20.3}% 181
\BOOKMARK [3][-]{subsubsection.8.20.3.2}{\376\377\0008\000.\0002\0000\000.\0003\000.\0002\000\040\000r\000e\000m\000o\000v\000e\000F\000a\000v\000o\000u\000r\000i\000t\000e\000T\000e\000a\000m\000\050\000\051}{subsection.8.20.3}% 182
\BOOKMARK [1][-]{section.8.21}{\376\377\0008\000.\0002\0001\000\040\000c\000o\000m\000.\000e\000x\000a\000m\000p\000l\000e\000.\000f\000o\000o\000t\000b\000a\000l\000l\000\137\000m\000a\000n\000a\000g\000e\000r\000.\000F\000o\000o\000t\000b\000a\000l\000l\000M\000a\000n\000a\000g\000e\000r\000A\000p\000p\000l\000i\000c\000a\000t\000i\000o\000n\000\040\000C\000l\000a\000s\000s\000\040\000R\000e\000f\000e\000r\000e\000n\000c\000e}{chapter.8}% 183
\BOOKMARK [2][-]{subsection.8.21.1}{\376\377\0008\000.\0002\0001\000.\0001\000\040\000D\000e\000t\000a\000i\000l\000e\000d\000\040\000D\000e\000s\000c\000r\000i\000p\000t\000i\000o\000n}{section.8.21}% 184
\BOOKMARK [2][-]{subsection.8.21.2}{\376\377\0008\000.\0002\0001\000.\0002\000\040\000M\000e\000m\000b\000e\000r\000\040\000F\000u\000n\000c\000t\000i\000o\000n\000\040\000D\000o\000c\000u\000m\000e\000n\000t\000a\000t\000i\000o\000n}{section.8.21}% 185
\BOOKMARK [3][-]{subsubsection.8.21.2.1}{\376\377\0008\000.\0002\0001\000.\0002\000.\0001\000\040\000m\000a\000i\000n\000\050\000\051}{subsection.8.21.2}% 186
\BOOKMARK [1][-]{section.8.22}{\376\377\0008\000.\0002\0002\000\040\000c\000o\000m\000.\000e\000x\000a\000m\000p\000l\000e\000.\000f\000o\000o\000t\000b\000a\000l\000l\000\137\000m\000a\000n\000a\000g\000e\000r\000.\000c\000o\000n\000t\000r\000o\000l\000l\000e\000r\000.\000G\000l\000o\000b\000a\000l\000M\000o\000d\000e\000l\000A\000t\000t\000r\000i\000b\000u\000t\000e\000s\000\040\000C\000l\000a\000s\000s\000\040\000R\000e\000f\000e\000r\000e\000n\000c\000e}{chapter.8}% 187
\BOOKMARK [2][-]{subsection.8.22.1}{\376\377\0008\000.\0002\0002\000.\0001\000\040\000D\000e\000t\000a\000i\000l\000e\000d\000\040\000D\000e\000s\000c\000r\000i\000p\000t\000i\000o\000n}{section.8.22}% 188
\BOOKMARK [2][-]{subsection.8.22.2}{\376\377\0008\000.\0002\0002\000.\0002\000\040\000M\000e\000m\000b\000e\000r\000\040\000F\000u\000n\000c\000t\000i\000o\000n\000\040\000D\000o\000c\000u\000m\000e\000n\000t\000a\000t\000i\000o\000n}{section.8.22}% 189
\BOOKMARK [3][-]{subsubsection.8.22.2.1}{\376\377\0008\000.\0002\0002\000.\0002\000.\0001\000\040\000a\000d\000d\000I\000s\000A\000d\000m\000i\000n\000\050\000\051}{subsection.8.22.2}% 190
\BOOKMARK [1][-]{section.8.23}{\376\377\0008\000.\0002\0003\000\040\000c\000o\000m\000.\000e\000x\000a\000m\000p\000l\000e\000.\000f\000o\000o\000t\000b\000a\000l\000l\000\137\000m\000a\000n\000a\000g\000e\000r\000.\000d\000t\000o\000.\000M\000a\000t\000c\000h\000R\000e\000s\000u\000l\000t\000R\000e\000q\000u\000e\000s\000t\000D\000T\000O\000.\000G\000o\000a\000l\000D\000T\000O\000\040\000C\000l\000a\000s\000s\000\040\000R\000e\000f\000e\000r\000e\000n\000c\000e}{chapter.8}% 191
\BOOKMARK [2][-]{subsection.8.23.1}{\376\377\0008\000.\0002\0003\000.\0001\000\040\000D\000e\000t\000a\000i\000l\000e\000d\000\040\000D\000e\000s\000c\000r\000i\000p\000t\000i\000o\000n}{section.8.23}% 192
\BOOKMARK [2][-]{subsection.8.23.2}{\376\377\0008\000.\0002\0003\000.\0002\000\040\000M\000e\000m\000b\000e\000r\000\040\000F\000u\000n\000c\000t\000i\000o\000n\000\040\000D\000o\000c\000u\000m\000e\000n\000t\000a\000t\000i\000o\000n}{section.8.23}% 193
\BOOKMARK [3][-]{subsubsection.8.23.2.1}{\376\377\0008\000.\0002\0003\000.\0002\000.\0001\000\040\000g\000e\000t\000M\000i\000n\000u\000t\000e\000\050\000\051}{subsection.8.23.2}% 194
\BOOKMARK [3][-]{subsubsection.8.23.2.2}{\376\377\0008\000.\0002\0003\000.\0002\000.\0002\000\040\000g\000e\000t\000S\000t\000o\000p\000p\000a\000g\000e\000M\000i\000n\000u\000t\000e\000\050\000\051}{subsection.8.23.2}% 195
\BOOKMARK [3][-]{subsubsection.8.23.2.3}{\376\377\0008\000.\0002\0003\000.\0002\000.\0003\000\040\000g\000e\000t\000T\000e\000a\000m\000I\000d\000\050\000\051}{subsection.8.23.2}% 196
\BOOKMARK [3][-]{subsubsection.8.23.2.4}{\376\377\0008\000.\0002\0003\000.\0002\000.\0004\000\040\000s\000e\000t\000M\000i\000n\000u\000t\000e\000\050\000\051}{subsection.8.23.2}% 197
\BOOKMARK [3][-]{subsubsection.8.23.2.5}{\376\377\0008\000.\0002\0003\000.\0002\000.\0005\000\040\000s\000e\000t\000S\000t\000o\000p\000p\000a\000g\000e\000M\000i\000n\000u\000t\000e\000\050\000\051}{subsection.8.23.2}% 198
\BOOKMARK [3][-]{subsubsection.8.23.2.6}{\376\377\0008\000.\0002\0003\000.\0002\000.\0006\000\040\000s\000e\000t\000T\000e\000a\000m\000I\000d\000\050\000\051}{subsection.8.23.2}% 199
\BOOKMARK [1][-]{section.8.24}{\376\377\0008\000.\0002\0004\000\040\000c\000o\000m\000.\000e\000x\000a\000m\000p\000l\000e\000.\000f\000o\000o\000t\000b\000a\000l\000l\000\137\000m\000a\000n\000a\000g\000e\000r\000.\000c\000o\000n\000f\000i\000g\000.\000L\000o\000c\000a\000l\000e\000C\000o\000n\000f\000i\000g\000\040\000C\000l\000a\000s\000s\000\040\000R\000e\000f\000e\000r\000e\000n\000c\000e}{chapter.8}% 200
\BOOKMARK [2][-]{subsection.8.24.1}{\376\377\0008\000.\0002\0004\000.\0001\000\040\000D\000e\000t\000a\000i\000l\000e\000d\000\040\000D\000e\000s\000c\000r\000i\000p\000t\000i\000o\000n}{section.8.24}% 201
\BOOKMARK [2][-]{subsection.8.24.2}{\376\377\0008\000.\0002\0004\000.\0002\000\040\000M\000e\000m\000b\000e\000r\000\040\000F\000u\000n\000c\000t\000i\000o\000n\000\040\000D\000o\000c\000u\000m\000e\000n\000t\000a\000t\000i\000o\000n}{section.8.24}% 202
\BOOKMARK [3][-]{subsubsection.8.24.2.1}{\376\377\0008\000.\0002\0004\000.\0002\000.\0001\000\040\000a\000d\000d\000I\000n\000t\000e\000r\000c\000e\000p\000t\000o\000r\000s\000\050\000\051}{subsection.8.24.2}% 203
\BOOKMARK [3][-]{subsubsection.8.24.2.2}{\376\377\0008\000.\0002\0004\000.\0002\000.\0002\000\040\000l\000o\000c\000a\000l\000e\000C\000h\000a\000n\000g\000e\000I\000n\000t\000e\000r\000c\000e\000p\000t\000o\000r\000\050\000\051}{subsection.8.24.2}% 204
\BOOKMARK [3][-]{subsubsection.8.24.2.3}{\376\377\0008\000.\0002\0004\000.\0002\000.\0003\000\040\000l\000o\000c\000a\000l\000e\000R\000e\000s\000o\000l\000v\000e\000r\000\050\000\051}{subsection.8.24.2}% 205
\BOOKMARK [1][-]{section.8.25}{\376\377\0008\000.\0002\0005\000\040\000c\000o\000m\000.\000e\000x\000a\000m\000p\000l\000e\000.\000f\000o\000o\000t\000b\000a\000l\000l\000\137\000m\000a\000n\000a\000g\000e\000r\000.\000d\000t\000o\000.\000L\000o\000g\000i\000n\000D\000T\000O\000\040\000C\000l\000a\000s\000s\000\040\000R\000e\000f\000e\000r\000e\000n\000c\000e}{chapter.8}% 206
\BOOKMARK [2][-]{subsection.8.25.1}{\376\377\0008\000.\0002\0005\000.\0001\000\040\000D\000e\000t\000a\000i\000l\000e\000d\000\040\000D\000e\000s\000c\000r\000i\000p\000t\000i\000o\000n}{section.8.25}% 207
\BOOKMARK [2][-]{subsection.8.25.2}{\376\377\0008\000.\0002\0005\000.\0002\000\040\000M\000e\000m\000b\000e\000r\000\040\000F\000u\000n\000c\000t\000i\000o\000n\000\040\000D\000o\000c\000u\000m\000e\000n\000t\000a\000t\000i\000o\000n}{section.8.25}% 208
\BOOKMARK [3][-]{subsubsection.8.25.2.1}{\376\377\0008\000.\0002\0005\000.\0002\000.\0001\000\040\000g\000e\000t\000P\000a\000s\000s\000w\000o\000r\000d\000\050\000\051}{subsection.8.25.2}% 209
\BOOKMARK [3][-]{subsubsection.8.25.2.2}{\376\377\0008\000.\0002\0005\000.\0002\000.\0002\000\040\000g\000e\000t\000U\000s\000e\000r\000n\000a\000m\000e\000\050\000\051}{subsection.8.25.2}% 210
\BOOKMARK [3][-]{subsubsection.8.25.2.3}{\376\377\0008\000.\0002\0005\000.\0002\000.\0003\000\040\000s\000e\000t\000P\000a\000s\000s\000w\000o\000r\000d\000\050\000\051}{subsection.8.25.2}% 211
\BOOKMARK [3][-]{subsubsection.8.25.2.4}{\376\377\0008\000.\0002\0005\000.\0002\000.\0004\000\040\000s\000e\000t\000U\000s\000e\000r\000n\000a\000m\000e\000\050\000\051}{subsection.8.25.2}% 212
\BOOKMARK [1][-]{section.8.26}{\376\377\0008\000.\0002\0006\000\040\000c\000o\000m\000.\000e\000x\000a\000m\000p\000l\000e\000.\000f\000o\000o\000t\000b\000a\000l\000l\000\137\000m\000a\000n\000a\000g\000e\000r\000.\000m\000o\000d\000e\000l\000.\000M\000a\000t\000c\000h\000\040\000C\000l\000a\000s\000s\000\040\000R\000e\000f\000e\000r\000e\000n\000c\000e}{chapter.8}% 213
\BOOKMARK [2][-]{subsection.8.26.1}{\376\377\0008\000.\0002\0006\000.\0001\000\040\000D\000e\000t\000a\000i\000l\000e\000d\000\040\000D\000e\000s\000c\000r\000i\000p\000t\000i\000o\000n}{section.8.26}% 214
\BOOKMARK [1][-]{section.8.27}{\376\377\0008\000.\0002\0007\000\040\000c\000o\000m\000.\000e\000x\000a\000m\000p\000l\000e\000.\000f\000o\000o\000t\000b\000a\000l\000l\000\137\000m\000a\000n\000a\000g\000e\000r\000.\000c\000o\000n\000t\000r\000o\000l\000l\000e\000r\000.\000M\000a\000t\000c\000h\000C\000o\000n\000t\000r\000o\000l\000l\000e\000r\000\040\000C\000l\000a\000s\000s\000\040\000R\000e\000f\000e\000r\000e\000n\000c\000e}{chapter.8}% 215
\BOOKMARK [2][-]{subsection.8.27.1}{\376\377\0008\000.\0002\0007\000.\0001\000\040\000D\000e\000t\000a\000i\000l\000e\000d\000\040\000D\000e\000s\000c\000r\000i\000p\000t\000i\000o\000n}{section.8.27}% 216
\BOOKMARK [2][-]{subsection.8.27.2}{\376\377\0008\000.\0002\0007\000.\0002\000\040\000M\000e\000m\000b\000e\000r\000\040\000F\000u\000n\000c\000t\000i\000o\000n\000\040\000D\000o\000c\000u\000m\000e\000n\000t\000a\000t\000i\000o\000n}{section.8.27}% 217
\BOOKMARK [3][-]{subsubsection.8.27.2.1}{\376\377\0008\000.\0002\0007\000.\0002\000.\0001\000\040\000c\000r\000e\000a\000t\000e\000M\000a\000t\000c\000h\000F\000r\000o\000m\000F\000o\000r\000m\000\050\000\051}{subsection.8.27.2}% 218
\BOOKMARK [3][-]{subsubsection.8.27.2.2}{\376\377\0008\000.\0002\0007\000.\0002\000.\0002\000\040\000c\000r\000e\000a\000t\000e\000M\000a\000t\000c\000h\000F\000r\000o\000m\000J\000s\000o\000n\000\050\000\051}{subsection.8.27.2}% 219
\BOOKMARK [3][-]{subsubsection.8.27.2.3}{\376\377\0008\000.\0002\0007\000.\0002\000.\0003\000\040\000d\000e\000l\000e\000t\000e\000M\000a\000t\000c\000h\000\050\000\051}{subsection.8.27.2}% 220
\BOOKMARK [3][-]{subsubsection.8.27.2.4}{\376\377\0008\000.\0002\0007\000.\0002\000.\0004\000\040\000g\000e\000t\000M\000a\000t\000c\000h\000e\000s\000\050\000\051}{subsection.8.27.2}% 221
\BOOKMARK [3][-]{subsubsection.8.27.2.5}{\376\377\0008\000.\0002\0007\000.\0002\000.\0005\000\040\000g\000e\000t\000M\000a\000t\000c\000h\000R\000e\000s\000u\000l\000t\000s\000\050\000\051}{subsection.8.27.2}% 222
\BOOKMARK [3][-]{subsubsection.8.27.2.6}{\376\377\0008\000.\0002\0007\000.\0002\000.\0006\000\040\000g\000e\000t\000U\000p\000c\000o\000m\000i\000n\000g\000M\000a\000t\000c\000h\000e\000s\000\050\000\051}{subsection.8.27.2}% 223
\BOOKMARK [3][-]{subsubsection.8.27.2.7}{\376\377\0008\000.\0002\0007\000.\0002\000.\0007\000\040\000r\000e\000g\000i\000s\000t\000e\000r\000R\000e\000s\000u\000l\000t\000\050\000\051}{subsection.8.27.2}% 224
\BOOKMARK [3][-]{subsubsection.8.27.2.8}{\376\377\0008\000.\0002\0007\000.\0002\000.\0008\000\040\000u\000p\000d\000a\000t\000e\000M\000a\000t\000c\000h\000\050\000\051}{subsection.8.27.2}% 225
\BOOKMARK [1][-]{section.8.28}{\376\377\0008\000.\0002\0008\000\040\000c\000o\000m\000.\000e\000x\000a\000m\000p\000l\000e\000.\000f\000o\000o\000t\000b\000a\000l\000l\000\137\000m\000a\000n\000a\000g\000e\000r\000.\000m\000o\000d\000e\000l\000.\000M\000a\000t\000c\000h\000G\000o\000a\000l\000\040\000C\000l\000a\000s\000s\000\040\000R\000e\000f\000e\000r\000e\000n\000c\000e}{chapter.8}% 226
\BOOKMARK [2][-]{subsection.8.28.1}{\376\377\0008\000.\0002\0008\000.\0001\000\040\000D\000e\000t\000a\000i\000l\000e\000d\000\040\000D\000e\000s\000c\000r\000i\000p\000t\000i\000o\000n}{section.8.28}% 227
\BOOKMARK [1][-]{section.8.29}{\376\377\0008\000.\0002\0009\000\040\000c\000o\000m\000.\000e\000x\000a\000m\000p\000l\000e\000.\000f\000o\000o\000t\000b\000a\000l\000l\000\137\000m\000a\000n\000a\000g\000e\000r\000.\000r\000e\000p\000o\000s\000i\000t\000o\000r\000y\000.\000M\000a\000t\000c\000h\000G\000o\000a\000l\000R\000e\000p\000o\000s\000i\000t\000o\000r\000y\000\040\000I\000n\000t\000e\000r\000f\000a\000c\000e\000\040\000R\000e\000f\000e\000r\000e\000n\000c\000e}{chapter.8}% 228
\BOOKMARK [2][-]{subsection.8.29.1}{\376\377\0008\000.\0002\0009\000.\0001\000\040\000D\000e\000t\000a\000i\000l\000e\000d\000\040\000D\000e\000s\000c\000r\000i\000p\000t\000i\000o\000n}{section.8.29}% 229
\BOOKMARK [2][-]{subsection.8.29.2}{\376\377\0008\000.\0002\0009\000.\0002\000\040\000M\000e\000m\000b\000e\000r\000\040\000F\000u\000n\000c\000t\000i\000o\000n\000\040\000D\000o\000c\000u\000m\000e\000n\000t\000a\000t\000i\000o\000n}{section.8.29}% 230
\BOOKMARK [3][-]{subsubsection.8.29.2.1}{\376\377\0008\000.\0002\0009\000.\0002\000.\0001\000\040\000d\000e\000l\000e\000t\000e\000B\000y\000M\000a\000t\000c\000h\000I\000d\000\050\000\051}{subsection.8.29.2}% 231
\BOOKMARK [3][-]{subsubsection.8.29.2.2}{\376\377\0008\000.\0002\0009\000.\0002\000.\0002\000\040\000f\000i\000n\000d\000B\000y\000M\000a\000t\000c\000h\000I\000d\000O\000r\000d\000e\000r\000B\000y\000M\000i\000n\000u\000t\000e\000A\000s\000c\000S\000t\000o\000p\000p\000a\000g\000e\000M\000i\000n\000u\000t\000e\000A\000s\000c\000I\000d\000A\000s\000c\000\050\000\051}{subsection.8.29.2}% 232
\BOOKMARK [1][-]{section.8.30}{\376\377\0008\000.\0003\0000\000\040\000c\000o\000m\000.\000e\000x\000a\000m\000p\000l\000e\000.\000f\000o\000o\000t\000b\000a\000l\000l\000\137\000m\000a\000n\000a\000g\000e\000r\000.\000r\000e\000p\000o\000s\000i\000t\000o\000r\000y\000.\000M\000a\000t\000c\000h\000R\000e\000p\000o\000s\000i\000t\000o\000r\000y\000\040\000I\000n\000t\000e\000r\000f\000a\000c\000e\000\040\000R\000e\000f\000e\000r\000e\000n\000c\000e}{chapter.8}% 233
\BOOKMARK [2][-]{subsection.8.30.1}{\376\377\0008\000.\0003\0000\000.\0001\000\040\000D\000e\000t\000a\000i\000l\000e\000d\000\040\000D\000e\000s\000c\000r\000i\000p\000t\000i\000o\000n}{section.8.30}% 234
\BOOKMARK [2][-]{subsection.8.30.2}{\376\377\0008\000.\0003\0000\000.\0002\000\040\000M\000e\000m\000b\000e\000r\000\040\000F\000u\000n\000c\000t\000i\000o\000n\000\040\000D\000o\000c\000u\000m\000e\000n\000t\000a\000t\000i\000o\000n}{section.8.30}% 235
\BOOKMARK [3][-]{subsubsection.8.30.2.1}{\376\377\0008\000.\0003\0000\000.\0002\000.\0001\000\040\000f\000i\000n\000d\000B\000y\000F\000i\000l\000t\000e\000r\000s\000\050\000\051}{subsection.8.30.2}% 236
\BOOKMARK [3][-]{subsubsection.8.30.2.2}{\376\377\0008\000.\0003\0000\000.\0002\000.\0002\000\040\000f\000i\000n\000d\000B\000y\000F\000i\000n\000i\000s\000h\000e\000d\000F\000a\000l\000s\000e\000A\000n\000d\000D\000a\000t\000e\000t\000i\000m\000e\000A\000f\000t\000e\000r\000A\000n\000d\000L\000e\000f\000t\000T\000e\000a\000m\000I\000d\000I\000n\000O\000r\000F\000i\000n\000i\000s\000h\000e\000d\000F\000a\000l\000s\000e\000A\000n\000d\000D\000a\000t\000e\000t\000i\000m\000e\000A\000f\000t\000e\000r\000A\000n\000d\000R\000i\000g\000h\000t\000T\000e\000a\000m\000I\000d\000I\000n\000O\000r\000d\000e\000r\000B\000y\000D\000a\000t\000e\000t\000i\000m\000e\000A\000s\000c\000\050\000\051}{subsection.8.30.2}% 237
\BOOKMARK [3][-]{subsubsection.8.30.2.3}{\376\377\0008\000.\0003\0000\000.\0002\000.\0003\000\040\000f\000i\000n\000d\000B\000y\000F\000i\000n\000i\000s\000h\000e\000d\000F\000a\000l\000s\000e\000A\000n\000d\000D\000a\000t\000e\000t\000i\000m\000e\000A\000f\000t\000e\000r\000A\000n\000d\000L\000e\000f\000t\000T\000e\000a\000m\000I\000d\000O\000r\000F\000i\000n\000i\000s\000h\000e\000d\000F\000a\000l\000s\000e\000A\000n\000d\000D\000a\000t\000e\000t\000i\000m\000e\000A\000f\000t\000e\000r\000A\000n\000d\000R\000i\000g\000h\000t\000T\000e\000a\000m\000I\000d\000O\000r\000d\000e\000r\000B\000y\000D\000a\000t\000e\000t\000i\000m\000e\000A\000s\000c\000\050\000\051}{subsection.8.30.2}% 238
\BOOKMARK [3][-]{subsubsection.8.30.2.4}{\376\377\0008\000.\0003\0000\000.\0002\000.\0004\000\040\000f\000i\000n\000d\000B\000y\000F\000i\000n\000i\000s\000h\000e\000d\000T\000r\000u\000e\000A\000n\000d\000L\000e\000f\000t\000T\000e\000a\000m\000I\000d\000O\000r\000F\000i\000n\000i\000s\000h\000e\000d\000T\000r\000u\000e\000A\000n\000d\000R\000i\000g\000h\000t\000T\000e\000a\000m\000I\000d\000O\000r\000d\000e\000r\000B\000y\000D\000a\000t\000e\000t\000i\000m\000e\000D\000e\000s\000c\000\050\000\051}{subsection.8.30.2}% 239
\BOOKMARK [3][-]{subsubsection.8.30.2.5}{\376\377\0008\000.\0003\0000\000.\0002\000.\0005\000\040\000f\000i\000n\000d\000B\000y\000F\000i\000n\000i\000s\000h\000e\000d\000T\000r\000u\000e\000O\000r\000d\000e\000r\000B\000y\000D\000a\000t\000e\000t\000i\000m\000e\000D\000e\000s\000c\000\050\000\051}{subsection.8.30.2}% 240
\BOOKMARK [1][-]{section.8.31}{\376\377\0008\000.\0003\0001\000\040\000c\000o\000m\000.\000e\000x\000a\000m\000p\000l\000e\000.\000f\000o\000o\000t\000b\000a\000l\000l\000\137\000m\000a\000n\000a\000g\000e\000r\000.\000d\000t\000o\000.\000M\000a\000t\000c\000h\000R\000e\000q\000u\000e\000s\000t\000D\000T\000O\000\040\000C\000l\000a\000s\000s\000\040\000R\000e\000f\000e\000r\000e\000n\000c\000e}{chapter.8}% 241
\BOOKMARK [2][-]{subsection.8.31.1}{\376\377\0008\000.\0003\0001\000.\0001\000\040\000D\000e\000t\000a\000i\000l\000e\000d\000\040\000D\000e\000s\000c\000r\000i\000p\000t\000i\000o\000n}{section.8.31}% 242
\BOOKMARK [2][-]{subsection.8.31.2}{\376\377\0008\000.\0003\0001\000.\0002\000\040\000M\000e\000m\000b\000e\000r\000\040\000F\000u\000n\000c\000t\000i\000o\000n\000\040\000D\000o\000c\000u\000m\000e\000n\000t\000a\000t\000i\000o\000n}{section.8.31}% 243
\BOOKMARK [3][-]{subsubsection.8.31.2.1}{\376\377\0008\000.\0003\0001\000.\0002\000.\0001\000\040\000g\000e\000t\000A\000w\000a\000y\000S\000c\000o\000r\000e\000\050\000\051}{subsection.8.31.2}% 244
\BOOKMARK [3][-]{subsubsection.8.31.2.2}{\376\377\0008\000.\0003\0001\000.\0002\000.\0002\000\040\000g\000e\000t\000A\000w\000a\000y\000T\000e\000a\000m\000I\000d\000\050\000\051}{subsection.8.31.2}% 245
\BOOKMARK [3][-]{subsubsection.8.31.2.3}{\376\377\0008\000.\0003\0001\000.\0002\000.\0003\000\040\000g\000e\000t\000C\000o\000m\000p\000e\000t\000i\000t\000i\000o\000n\000I\000d\000\050\000\051}{subsection.8.31.2}% 246
\BOOKMARK [3][-]{subsubsection.8.31.2.4}{\376\377\0008\000.\0003\0001\000.\0002\000.\0004\000\040\000g\000e\000t\000H\000o\000m\000e\000S\000c\000o\000r\000e\000\050\000\051}{subsection.8.31.2}% 247
\BOOKMARK [3][-]{subsubsection.8.31.2.5}{\376\377\0008\000.\0003\0001\000.\0002\000.\0005\000\040\000g\000e\000t\000H\000o\000m\000e\000T\000e\000a\000m\000I\000d\000\050\000\051}{subsection.8.31.2}% 248
\BOOKMARK [3][-]{subsubsection.8.31.2.6}{\376\377\0008\000.\0003\0001\000.\0002\000.\0006\000\040\000g\000e\000t\000K\000i\000c\000k\000o\000f\000f\000T\000i\000m\000e\000\050\000\051}{subsection.8.31.2}% 249
\BOOKMARK [3][-]{subsubsection.8.31.2.7}{\376\377\0008\000.\0003\0001\000.\0002\000.\0007\000\040\000g\000e\000t\000S\000t\000a\000t\000u\000s\000\050\000\051}{subsection.8.31.2}% 250
\BOOKMARK [3][-]{subsubsection.8.31.2.8}{\376\377\0008\000.\0003\0001\000.\0002\000.\0008\000\040\000g\000e\000t\000V\000e\000n\000u\000e\000\050\000\051}{subsection.8.31.2}% 251
\BOOKMARK [3][-]{subsubsection.8.31.2.9}{\376\377\0008\000.\0003\0001\000.\0002\000.\0009\000\040\000s\000e\000t\000A\000w\000a\000y\000S\000c\000o\000r\000e\000\050\000\051}{subsection.8.31.2}% 252
\BOOKMARK [3][-]{subsubsection.8.31.2.10}{\376\377\0008\000.\0003\0001\000.\0002\000.\0001\0000\000\040\000s\000e\000t\000A\000w\000a\000y\000T\000e\000a\000m\000I\000d\000\050\000\051}{subsection.8.31.2}% 253
\BOOKMARK [3][-]{subsubsection.8.31.2.11}{\376\377\0008\000.\0003\0001\000.\0002\000.\0001\0001\000\040\000s\000e\000t\000C\000o\000m\000p\000e\000t\000i\000t\000i\000o\000n\000I\000d\000\050\000\051}{subsection.8.31.2}% 254
\BOOKMARK [3][-]{subsubsection.8.31.2.12}{\376\377\0008\000.\0003\0001\000.\0002\000.\0001\0002\000\040\000s\000e\000t\000H\000o\000m\000e\000S\000c\000o\000r\000e\000\050\000\051}{subsection.8.31.2}% 255
\BOOKMARK [3][-]{subsubsection.8.31.2.13}{\376\377\0008\000.\0003\0001\000.\0002\000.\0001\0003\000\040\000s\000e\000t\000H\000o\000m\000e\000T\000e\000a\000m\000I\000d\000\050\000\051}{subsection.8.31.2}% 256
\BOOKMARK [3][-]{subsubsection.8.31.2.14}{\376\377\0008\000.\0003\0001\000.\0002\000.\0001\0004\000\040\000s\000e\000t\000K\000i\000c\000k\000o\000f\000f\000T\000i\000m\000e\000\050\000\051}{subsection.8.31.2}% 257
\BOOKMARK [3][-]{subsubsection.8.31.2.15}{\376\377\0008\000.\0003\0001\000.\0002\000.\0001\0005\000\040\000s\000e\000t\000S\000t\000a\000t\000u\000s\000\050\000\051}{subsection.8.31.2}% 258
\BOOKMARK [3][-]{subsubsection.8.31.2.16}{\376\377\0008\000.\0003\0001\000.\0002\000.\0001\0006\000\040\000s\000e\000t\000V\000e\000n\000u\000e\000\050\000\051}{subsection.8.31.2}% 259
\BOOKMARK [1][-]{section.8.32}{\376\377\0008\000.\0003\0002\000\040\000c\000o\000m\000.\000e\000x\000a\000m\000p\000l\000e\000.\000f\000o\000o\000t\000b\000a\000l\000l\000\137\000m\000a\000n\000a\000g\000e\000r\000.\000d\000t\000o\000.\000M\000a\000t\000c\000h\000R\000e\000s\000u\000l\000t\000R\000e\000q\000u\000e\000s\000t\000D\000T\000O\000\040\000C\000l\000a\000s\000s\000\040\000R\000e\000f\000e\000r\000e\000n\000c\000e}{chapter.8}% 260
\BOOKMARK [2][-]{subsection.8.32.1}{\376\377\0008\000.\0003\0002\000.\0001\000\040\000D\000e\000t\000a\000i\000l\000e\000d\000\040\000D\000e\000s\000c\000r\000i\000p\000t\000i\000o\000n}{section.8.32}% 261
\BOOKMARK [2][-]{subsection.8.32.2}{\376\377\0008\000.\0003\0002\000.\0002\000\040\000M\000e\000m\000b\000e\000r\000\040\000F\000u\000n\000c\000t\000i\000o\000n\000\040\000D\000o\000c\000u\000m\000e\000n\000t\000a\000t\000i\000o\000n}{section.8.32}% 262
\BOOKMARK [3][-]{subsubsection.8.32.2.1}{\376\377\0008\000.\0003\0002\000.\0002\000.\0001\000\040\000g\000e\000t\000G\000o\000a\000l\000s\000\050\000\051}{subsection.8.32.2}% 263
\BOOKMARK [3][-]{subsubsection.8.32.2.2}{\376\377\0008\000.\0003\0002\000.\0002\000.\0002\000\040\000s\000e\000t\000G\000o\000a\000l\000s\000\050\000\051}{subsection.8.32.2}% 264
\BOOKMARK [1][-]{section.8.33}{\376\377\0008\000.\0003\0003\000\040\000c\000o\000m\000.\000e\000x\000a\000m\000p\000l\000e\000.\000f\000o\000o\000t\000b\000a\000l\000l\000\137\000m\000a\000n\000a\000g\000e\000r\000.\000s\000e\000r\000v\000i\000c\000e\000.\000M\000a\000t\000c\000h\000S\000e\000r\000v\000i\000c\000e\000\040\000C\000l\000a\000s\000s\000\040\000R\000e\000f\000e\000r\000e\000n\000c\000e}{chapter.8}% 265
\BOOKMARK [2][-]{subsection.8.33.1}{\376\377\0008\000.\0003\0003\000.\0001\000\040\000D\000e\000t\000a\000i\000l\000e\000d\000\040\000D\000e\000s\000c\000r\000i\000p\000t\000i\000o\000n}{section.8.33}% 266
\BOOKMARK [2][-]{subsection.8.33.2}{\376\377\0008\000.\0003\0003\000.\0002\000\040\000C\000o\000n\000s\000t\000r\000u\000c\000t\000o\000r\000\040\000\046\000\040\000D\000e\000s\000t\000r\000u\000c\000t\000o\000r\000\040\000D\000o\000c\000u\000m\000e\000n\000t\000a\000t\000i\000o\000n}{section.8.33}% 267
\BOOKMARK [3][-]{subsubsection.8.33.2.1}{\376\377\0008\000.\0003\0003\000.\0002\000.\0001\000\040\000M\000a\000t\000c\000h\000S\000e\000r\000v\000i\000c\000e\000\050\000\051}{subsection.8.33.2}% 268
\BOOKMARK [2][-]{subsection.8.33.3}{\376\377\0008\000.\0003\0003\000.\0003\000\040\000M\000e\000m\000b\000e\000r\000\040\000F\000u\000n\000c\000t\000i\000o\000n\000\040\000D\000o\000c\000u\000m\000e\000n\000t\000a\000t\000i\000o\000n}{section.8.33}% 269
\BOOKMARK [3][-]{subsubsection.8.33.3.1}{\376\377\0008\000.\0003\0003\000.\0003\000.\0001\000\040\000c\000r\000e\000a\000t\000e\000M\000a\000t\000c\000h\000\050\000\051}{subsection.8.33.3}% 270
\BOOKMARK [3][-]{subsubsection.8.33.3.2}{\376\377\0008\000.\0003\0003\000.\0003\000.\0002\000\040\000d\000e\000l\000e\000t\000e\000M\000a\000t\000c\000h\000\050\000\051}{subsection.8.33.3}% 271
\BOOKMARK [3][-]{subsubsection.8.33.3.3}{\376\377\0008\000.\0003\0003\000.\0003\000.\0003\000\040\000g\000e\000t\000A\000l\000l\000M\000a\000t\000c\000h\000e\000s\000\050\000\051}{subsection.8.33.3}% 272
\BOOKMARK [3][-]{subsubsection.8.33.3.4}{\376\377\0008\000.\0003\0003\000.\0003\000.\0004\000\040\000g\000e\000t\000F\000i\000n\000i\000s\000h\000e\000d\000M\000a\000t\000c\000h\000R\000e\000s\000u\000l\000t\000s\000\050\000\051}{subsection.8.33.3}% 273
\BOOKMARK [3][-]{subsubsection.8.33.3.5}{\376\377\0008\000.\0003\0003\000.\0003\000.\0005\000\040\000g\000e\000t\000F\000u\000t\000u\000r\000e\000M\000a\000t\000c\000h\000e\000s\000B\000y\000F\000a\000v\000o\000u\000r\000i\000t\000e\000T\000e\000a\000m\000I\000d\000s\000\050\000\051}{subsection.8.33.3}% 274
\BOOKMARK [3][-]{subsubsection.8.33.3.6}{\376\377\0008\000.\0003\0003\000.\0003\000.\0006\000\040\000g\000e\000t\000F\000u\000t\000u\000r\000e\000M\000a\000t\000c\000h\000e\000s\000B\000y\000T\000e\000a\000m\000I\000d\000\050\000\051}{subsection.8.33.3}% 275
\BOOKMARK [3][-]{subsubsection.8.33.3.7}{\376\377\0008\000.\0003\0003\000.\0003\000.\0007\000\040\000g\000e\000t\000G\000o\000a\000l\000s\000B\000y\000M\000a\000t\000c\000h\000I\000d\000\050\000\051}{subsection.8.33.3}% 276
\BOOKMARK [3][-]{subsubsection.8.33.3.8}{\376\377\0008\000.\0003\0003\000.\0003\000.\0008\000\040\000g\000e\000t\000M\000a\000t\000c\000h\000B\000y\000I\000d\000\050\000\051}{subsection.8.33.3}% 277
\BOOKMARK [3][-]{subsubsection.8.33.3.9}{\376\377\0008\000.\0003\0003\000.\0003\000.\0009\000\040\000g\000e\000t\000M\000a\000t\000c\000h\000e\000s\000\050\000\051}{subsection.8.33.3}% 278
\BOOKMARK [3][-]{subsubsection.8.33.3.10}{\376\377\0008\000.\0003\0003\000.\0003\000.\0001\0000\000\040\000g\000e\000t\000M\000a\000t\000c\000h\000F\000o\000r\000E\000d\000i\000t\000\050\000\051}{subsection.8.33.3}% 279
\BOOKMARK [3][-]{subsubsection.8.33.3.11}{\376\377\0008\000.\0003\0003\000.\0003\000.\0001\0001\000\040\000g\000e\000t\000R\000e\000c\000e\000n\000t\000M\000a\000t\000c\000h\000e\000s\000B\000y\000T\000e\000a\000m\000I\000d\000\050\000\051}{subsection.8.33.3}% 280
\BOOKMARK [3][-]{subsubsection.8.33.3.12}{\376\377\0008\000.\0003\0003\000.\0003\000.\0001\0002\000\040\000g\000e\000t\000U\000p\000c\000o\000m\000i\000n\000g\000M\000a\000t\000c\000h\000e\000s\000\050\000\051}{subsection.8.33.3}% 281
\BOOKMARK [3][-]{subsubsection.8.33.3.13}{\376\377\0008\000.\0003\0003\000.\0003\000.\0001\0003\000\040\000r\000e\000g\000i\000s\000t\000e\000r\000R\000e\000s\000u\000l\000t\000\050\000\051}{subsection.8.33.3}% 282
\BOOKMARK [3][-]{subsubsection.8.33.3.14}{\376\377\0008\000.\0003\0003\000.\0003\000.\0001\0004\000\040\000u\000p\000d\000a\000t\000e\000M\000a\000t\000c\000h\000\050\000\051}{subsection.8.33.3}% 283
\BOOKMARK [1][-]{section.8.34}{\376\377\0008\000.\0003\0004\000\040\000c\000o\000m\000.\000e\000x\000a\000m\000p\000l\000e\000.\000f\000o\000o\000t\000b\000a\000l\000l\000\137\000m\000a\000n\000a\000g\000e\000r\000.\000d\000t\000o\000.\000M\000a\000t\000c\000h\000R\000e\000q\000u\000e\000s\000t\000D\000T\000O\000.\000M\000a\000t\000c\000h\000S\000t\000a\000t\000u\000s\000\040\000E\000n\000u\000m\000\040\000R\000e\000f\000e\000r\000e\000n\000c\000e}{chapter.8}% 284
\BOOKMARK [2][-]{subsection.8.34.1}{\376\377\0008\000.\0003\0004\000.\0001\000\040\000D\000e\000t\000a\000i\000l\000e\000d\000\040\000D\000e\000s\000c\000r\000i\000p\000t\000i\000o\000n}{section.8.34}% 285
\BOOKMARK [2][-]{subsection.8.34.2}{\376\377\0008\000.\0003\0004\000.\0002\000\040\000M\000e\000m\000b\000e\000r\000\040\000D\000a\000t\000a\000\040\000D\000o\000c\000u\000m\000e\000n\000t\000a\000t\000i\000o\000n}{section.8.34}% 286
\BOOKMARK [3][-]{subsubsection.8.34.2.1}{\376\377\0008\000.\0003\0004\000.\0002\000.\0001\000\040\000C\000A\000N\000C\000E\000L\000L\000E\000D}{subsection.8.34.2}% 287
\BOOKMARK [3][-]{subsubsection.8.34.2.2}{\376\377\0008\000.\0003\0004\000.\0002\000.\0002\000\040\000F\000I\000N\000I\000S\000H\000E\000D}{subsection.8.34.2}% 288
\BOOKMARK [3][-]{subsubsection.8.34.2.3}{\376\377\0008\000.\0003\0004\000.\0002\000.\0003\000\040\000I\000N\000\137\000P\000R\000O\000G\000R\000E\000S\000S}{subsection.8.34.2}% 289
\BOOKMARK [3][-]{subsubsection.8.34.2.4}{\376\377\0008\000.\0003\0004\000.\0002\000.\0004\000\040\000S\000C\000H\000E\000D\000U\000L\000E\000D}{subsection.8.34.2}% 290
\BOOKMARK [1][-]{section.8.35}{\376\377\0008\000.\0003\0005\000\040\000c\000o\000m\000.\000e\000x\000a\000m\000p\000l\000e\000.\000f\000o\000o\000t\000b\000a\000l\000l\000\137\000m\000a\000n\000a\000g\000e\000r\000.\000c\000o\000n\000t\000r\000o\000l\000l\000e\000r\000.\000M\000a\000t\000c\000h\000V\000i\000e\000w\000C\000o\000n\000t\000r\000o\000l\000l\000e\000r\000\040\000C\000l\000a\000s\000s\000\040\000R\000e\000f\000e\000r\000e\000n\000c\000e}{chapter.8}% 291
\BOOKMARK [2][-]{subsection.8.35.1}{\376\377\0008\000.\0003\0005\000.\0001\000\040\000D\000e\000t\000a\000i\000l\000e\000d\000\040\000D\000e\000s\000c\000r\000i\000p\000t\000i\000o\000n}{section.8.35}% 292
\BOOKMARK [2][-]{subsection.8.35.2}{\376\377\0008\000.\0003\0005\000.\0002\000\040\000C\000o\000n\000s\000t\000r\000u\000c\000t\000o\000r\000\040\000\046\000\040\000D\000e\000s\000t\000r\000u\000c\000t\000o\000r\000\040\000D\000o\000c\000u\000m\000e\000n\000t\000a\000t\000i\000o\000n}{section.8.35}% 293
\BOOKMARK [3][-]{subsubsection.8.35.2.1}{\376\377\0008\000.\0003\0005\000.\0002\000.\0001\000\040\000M\000a\000t\000c\000h\000V\000i\000e\000w\000C\000o\000n\000t\000r\000o\000l\000l\000e\000r\000\050\000\051}{subsection.8.35.2}% 294
\BOOKMARK [2][-]{subsection.8.35.3}{\376\377\0008\000.\0003\0005\000.\0003\000\040\000M\000e\000m\000b\000e\000r\000\040\000F\000u\000n\000c\000t\000i\000o\000n\000\040\000D\000o\000c\000u\000m\000e\000n\000t\000a\000t\000i\000o\000n}{section.8.35}% 295
\BOOKMARK [3][-]{subsubsection.8.35.3.1}{\376\377\0008\000.\0003\0005\000.\0003\000.\0001\000\040\000s\000a\000v\000e\000M\000a\000t\000c\000h\000R\000e\000s\000u\000l\000t\000\050\000\051}{subsection.8.35.3}% 296
\BOOKMARK [3][-]{subsubsection.8.35.3.2}{\376\377\0008\000.\0003\0005\000.\0003\000.\0002\000\040\000s\000h\000o\000w\000E\000d\000i\000t\000F\000o\000r\000m\000\050\000\051}{subsection.8.35.3}% 297
\BOOKMARK [3][-]{subsubsection.8.35.3.3}{\376\377\0008\000.\0003\0005\000.\0003\000.\0003\000\040\000s\000h\000o\000w\000M\000a\000t\000c\000h\000e\000s\000P\000a\000g\000e\000\050\000\051}{subsection.8.35.3}% 298
\BOOKMARK [3][-]{subsubsection.8.35.3.4}{\376\377\0008\000.\0003\0005\000.\0003\000.\0004\000\040\000s\000h\000o\000w\000R\000e\000s\000u\000l\000t\000s\000P\000a\000g\000e\000\050\000\051}{subsection.8.35.3}% 299
\BOOKMARK [3][-]{subsubsection.8.35.3.5}{\376\377\0008\000.\0003\0005\000.\0003\000.\0005\000\040\000s\000h\000o\000w\000S\000c\000h\000e\000d\000u\000l\000e\000F\000o\000r\000m\000\050\000\051}{subsection.8.35.3}% 300
\BOOKMARK [3][-]{subsubsection.8.35.3.6}{\376\377\0008\000.\0003\0005\000.\0003\000.\0006\000\040\000s\000h\000o\000w\000S\000c\000o\000r\000e\000F\000o\000r\000m\000\050\000\051}{subsection.8.35.3}% 301
\BOOKMARK [3][-]{subsubsection.8.35.3.7}{\376\377\0008\000.\0003\0005\000.\0003\000.\0007\000\040\000s\000h\000o\000w\000U\000p\000c\000o\000m\000i\000n\000g\000M\000a\000t\000c\000h\000e\000s\000P\000a\000g\000e\000\050\000\051}{subsection.8.35.3}% 302
\BOOKMARK [3][-]{subsubsection.8.35.3.8}{\376\377\0008\000.\0003\0005\000.\0003\000.\0008\000\040\000s\000u\000b\000m\000i\000t\000S\000c\000o\000r\000e\000F\000o\000r\000m\000\050\000\051}{subsection.8.35.3}% 303
\BOOKMARK [3][-]{subsubsection.8.35.3.9}{\376\377\0008\000.\0003\0005\000.\0003\000.\0009\000\040\000u\000p\000d\000a\000t\000e\000M\000a\000t\000c\000h\000\050\000\051}{subsection.8.35.3}% 304
\BOOKMARK [1][-]{section.8.36}{\376\377\0008\000.\0003\0006\000\040\000c\000o\000m\000.\000e\000x\000a\000m\000p\000l\000e\000.\000f\000o\000o\000t\000b\000a\000l\000l\000\137\000m\000a\000n\000a\000g\000e\000r\000.\000c\000o\000n\000f\000i\000g\000.\000O\000p\000e\000n\000A\000p\000i\000C\000o\000n\000f\000i\000g\000\040\000C\000l\000a\000s\000s\000\040\000R\000e\000f\000e\000r\000e\000n\000c\000e}{chapter.8}% 305
\BOOKMARK [2][-]{subsection.8.36.1}{\376\377\0008\000.\0003\0006\000.\0001\000\040\000D\000e\000t\000a\000i\000l\000e\000d\000\040\000D\000e\000s\000c\000r\000i\000p\000t\000i\000o\000n}{section.8.36}% 306
\BOOKMARK [1][-]{section.8.37}{\376\377\0008\000.\0003\0007\000\040\000c\000o\000m\000.\000e\000x\000a\000m\000p\000l\000e\000.\000f\000o\000o\000t\000b\000a\000l\000l\000\137\000m\000a\000n\000a\000g\000e\000r\000.\000m\000o\000d\000e\000l\000.\000P\000l\000a\000y\000e\000r\000\040\000C\000l\000a\000s\000s\000\040\000R\000e\000f\000e\000r\000e\000n\000c\000e}{chapter.8}% 307
\BOOKMARK [2][-]{subsection.8.37.1}{\376\377\0008\000.\0003\0007\000.\0001\000\040\000D\000e\000t\000a\000i\000l\000e\000d\000\040\000D\000e\000s\000c\000r\000i\000p\000t\000i\000o\000n}{section.8.37}% 308
\BOOKMARK [1][-]{section.8.38}{\376\377\0008\000.\0003\0008\000\040\000c\000o\000m\000.\000e\000x\000a\000m\000p\000l\000e\000.\000f\000o\000o\000t\000b\000a\000l\000l\000\137\000m\000a\000n\000a\000g\000e\000r\000.\000d\000t\000o\000.\000P\000l\000a\000y\000e\000r\000B\000u\000l\000k\000R\000e\000q\000u\000e\000s\000t\000D\000T\000O\000\040\000C\000l\000a\000s\000s\000\040\000R\000e\000f\000e\000r\000e\000n\000c\000e}{chapter.8}% 309
\BOOKMARK [2][-]{subsection.8.38.1}{\376\377\0008\000.\0003\0008\000.\0001\000\040\000D\000e\000t\000a\000i\000l\000e\000d\000\040\000D\000e\000s\000c\000r\000i\000p\000t\000i\000o\000n}{section.8.38}% 310
\BOOKMARK [2][-]{subsection.8.38.2}{\376\377\0008\000.\0003\0008\000.\0002\000\040\000C\000o\000n\000s\000t\000r\000u\000c\000t\000o\000r\000\040\000\046\000\040\000D\000e\000s\000t\000r\000u\000c\000t\000o\000r\000\040\000D\000o\000c\000u\000m\000e\000n\000t\000a\000t\000i\000o\000n}{section.8.38}% 311
\BOOKMARK [3][-]{subsubsection.8.38.2.1}{\376\377\0008\000.\0003\0008\000.\0002\000.\0001\000\040\000P\000l\000a\000y\000e\000r\000B\000u\000l\000k\000R\000e\000q\000u\000e\000s\000t\000D\000T\000O\000\050\000\051\000\040\000[\0001\000/\0002\000]}{subsection.8.38.2}% 312
\BOOKMARK [3][-]{subsubsection.8.38.2.2}{\376\377\0008\000.\0003\0008\000.\0002\000.\0002\000\040\000P\000l\000a\000y\000e\000r\000B\000u\000l\000k\000R\000e\000q\000u\000e\000s\000t\000D\000T\000O\000\050\000\051\000\040\000[\0002\000/\0002\000]}{subsection.8.38.2}% 313
\BOOKMARK [2][-]{subsection.8.38.3}{\376\377\0008\000.\0003\0008\000.\0003\000\040\000M\000e\000m\000b\000e\000r\000\040\000F\000u\000n\000c\000t\000i\000o\000n\000\040\000D\000o\000c\000u\000m\000e\000n\000t\000a\000t\000i\000o\000n}{section.8.38}% 314
\BOOKMARK [3][-]{subsubsection.8.38.3.1}{\376\377\0008\000.\0003\0008\000.\0003\000.\0001\000\040\000g\000e\000t\000P\000l\000a\000y\000e\000r\000s\000\050\000\051}{subsection.8.38.3}% 315
\BOOKMARK [3][-]{subsubsection.8.38.3.2}{\376\377\0008\000.\0003\0008\000.\0003\000.\0002\000\040\000s\000e\000t\000P\000l\000a\000y\000e\000r\000s\000\050\000\051}{subsection.8.38.3}% 316
\BOOKMARK [1][-]{section.8.39}{\376\377\0008\000.\0003\0009\000\040\000c\000o\000m\000.\000e\000x\000a\000m\000p\000l\000e\000.\000f\000o\000o\000t\000b\000a\000l\000l\000\137\000m\000a\000n\000a\000g\000e\000r\000.\000c\000o\000n\000t\000r\000o\000l\000l\000e\000r\000.\000P\000l\000a\000y\000e\000r\000C\000o\000n\000t\000r\000o\000l\000l\000e\000r\000\040\000C\000l\000a\000s\000s\000\040\000R\000e\000f\000e\000r\000e\000n\000c\000e}{chapter.8}% 317
\BOOKMARK [2][-]{subsection.8.39.1}{\376\377\0008\000.\0003\0009\000.\0001\000\040\000D\000e\000t\000a\000i\000l\000e\000d\000\040\000D\000e\000s\000c\000r\000i\000p\000t\000i\000o\000n}{section.8.39}% 318
\BOOKMARK [2][-]{subsection.8.39.2}{\376\377\0008\000.\0003\0009\000.\0002\000\040\000C\000o\000n\000s\000t\000r\000u\000c\000t\000o\000r\000\040\000\046\000\040\000D\000e\000s\000t\000r\000u\000c\000t\000o\000r\000\040\000D\000o\000c\000u\000m\000e\000n\000t\000a\000t\000i\000o\000n}{section.8.39}% 319
\BOOKMARK [3][-]{subsubsection.8.39.2.1}{\376\377\0008\000.\0003\0009\000.\0002\000.\0001\000\040\000P\000l\000a\000y\000e\000r\000C\000o\000n\000t\000r\000o\000l\000l\000e\000r\000\050\000\051}{subsection.8.39.2}% 320
\BOOKMARK [2][-]{subsection.8.39.3}{\376\377\0008\000.\0003\0009\000.\0003\000\040\000M\000e\000m\000b\000e\000r\000\040\000F\000u\000n\000c\000t\000i\000o\000n\000\040\000D\000o\000c\000u\000m\000e\000n\000t\000a\000t\000i\000o\000n}{section.8.39}% 321
\BOOKMARK [3][-]{subsubsection.8.39.3.1}{\376\377\0008\000.\0003\0009\000.\0003\000.\0001\000\040\000c\000r\000e\000a\000t\000e\000P\000l\000a\000y\000e\000r\000\050\000\051}{subsection.8.39.3}% 322
\BOOKMARK [3][-]{subsubsection.8.39.3.2}{\376\377\0008\000.\0003\0009\000.\0003\000.\0002\000\040\000c\000r\000e\000a\000t\000e\000P\000l\000a\000y\000e\000r\000s\000\050\000\051}{subsection.8.39.3}% 323
\BOOKMARK [3][-]{subsubsection.8.39.3.3}{\376\377\0008\000.\0003\0009\000.\0003\000.\0003\000\040\000d\000e\000l\000e\000t\000e\000P\000l\000a\000y\000e\000r\000\050\000\051}{subsection.8.39.3}% 324
\BOOKMARK [3][-]{subsubsection.8.39.3.4}{\376\377\0008\000.\0003\0009\000.\0003\000.\0004\000\040\000g\000e\000t\000P\000l\000a\000y\000e\000r\000s\000B\000y\000T\000e\000a\000m\000I\000d\000\050\000\051}{subsection.8.39.3}% 325
\BOOKMARK [3][-]{subsubsection.8.39.3.5}{\376\377\0008\000.\0003\0009\000.\0003\000.\0005\000\040\000u\000p\000d\000a\000t\000e\000P\000l\000a\000y\000e\000r\000\050\000\051}{subsection.8.39.3}% 326
\BOOKMARK [1][-]{section.8.40}{\376\377\0008\000.\0004\0000\000\040\000c\000o\000m\000.\000e\000x\000a\000m\000p\000l\000e\000.\000f\000o\000o\000t\000b\000a\000l\000l\000\137\000m\000a\000n\000a\000g\000e\000r\000.\000m\000o\000d\000e\000l\000.\000P\000l\000a\000y\000e\000r\000P\000o\000s\000i\000t\000i\000o\000n\000\040\000E\000n\000u\000m\000\040\000R\000e\000f\000e\000r\000e\000n\000c\000e}{chapter.8}% 327
\BOOKMARK [2][-]{subsection.8.40.1}{\376\377\0008\000.\0004\0000\000.\0001\000\040\000D\000e\000t\000a\000i\000l\000e\000d\000\040\000D\000e\000s\000c\000r\000i\000p\000t\000i\000o\000n}{section.8.40}% 328
\BOOKMARK [2][-]{subsection.8.40.2}{\376\377\0008\000.\0004\0000\000.\0002\000\040\000M\000e\000m\000b\000e\000r\000\040\000D\000a\000t\000a\000\040\000D\000o\000c\000u\000m\000e\000n\000t\000a\000t\000i\000o\000n}{section.8.40}% 329
\BOOKMARK [3][-]{subsubsection.8.40.2.1}{\376\377\0008\000.\0004\0000\000.\0002\000.\0001\000\040\000D\000E\000F\000E\000N\000D\000E\000R}{subsection.8.40.2}% 330
\BOOKMARK [3][-]{subsubsection.8.40.2.2}{\376\377\0008\000.\0004\0000\000.\0002\000.\0002\000\040\000F\000O\000R\000W\000A\000R\000D}{subsection.8.40.2}% 331
\BOOKMARK [3][-]{subsubsection.8.40.2.3}{\376\377\0008\000.\0004\0000\000.\0002\000.\0003\000\040\000G\000O\000A\000L\000K\000E\000E\000P\000E\000R}{subsection.8.40.2}% 332
\BOOKMARK [3][-]{subsubsection.8.40.2.4}{\376\377\0008\000.\0004\0000\000.\0002\000.\0004\000\040\000M\000I\000D\000F\000I\000E\000L\000D\000E\000R}{subsection.8.40.2}% 333
\BOOKMARK [1][-]{section.8.41}{\376\377\0008\000.\0004\0001\000\040\000c\000o\000m\000.\000e\000x\000a\000m\000p\000l\000e\000.\000f\000o\000o\000t\000b\000a\000l\000l\000\137\000m\000a\000n\000a\000g\000e\000r\000.\000r\000e\000p\000o\000s\000i\000t\000o\000r\000y\000.\000P\000l\000a\000y\000e\000r\000R\000e\000p\000o\000s\000i\000t\000o\000r\000y\000\040\000I\000n\000t\000e\000r\000f\000a\000c\000e\000\040\000R\000e\000f\000e\000r\000e\000n\000c\000e}{chapter.8}% 334
\BOOKMARK [2][-]{subsection.8.41.1}{\376\377\0008\000.\0004\0001\000.\0001\000\040\000D\000e\000t\000a\000i\000l\000e\000d\000\040\000D\000e\000s\000c\000r\000i\000p\000t\000i\000o\000n}{section.8.41}% 335
\BOOKMARK [2][-]{subsection.8.41.2}{\376\377\0008\000.\0004\0001\000.\0002\000\040\000M\000e\000m\000b\000e\000r\000\040\000F\000u\000n\000c\000t\000i\000o\000n\000\040\000D\000o\000c\000u\000m\000e\000n\000t\000a\000t\000i\000o\000n}{section.8.41}% 336
\BOOKMARK [3][-]{subsubsection.8.41.2.1}{\376\377\0008\000.\0004\0001\000.\0002\000.\0001\000\040\000e\000x\000i\000s\000t\000s\000B\000y\000T\000e\000a\000m\000I\000d\000A\000n\000d\000N\000u\000m\000b\000e\000r\000\050\000\051}{subsection.8.41.2}% 337
\BOOKMARK [3][-]{subsubsection.8.41.2.2}{\376\377\0008\000.\0004\0001\000.\0002\000.\0002\000\040\000e\000x\000i\000s\000t\000s\000B\000y\000T\000e\000a\000m\000I\000d\000A\000n\000d\000N\000u\000m\000b\000e\000r\000A\000n\000d\000I\000d\000N\000o\000t\000\050\000\051}{subsection.8.41.2}% 338
\BOOKMARK [3][-]{subsubsection.8.41.2.3}{\376\377\0008\000.\0004\0001\000.\0002\000.\0003\000\040\000f\000i\000n\000d\000B\000y\000I\000d\000A\000n\000d\000T\000e\000a\000m\000I\000d\000\050\000\051}{subsection.8.41.2}% 339
\BOOKMARK [3][-]{subsubsection.8.41.2.4}{\376\377\0008\000.\0004\0001\000.\0002\000.\0004\000\040\000f\000i\000n\000d\000B\000y\000T\000e\000a\000m\000I\000d\000O\000r\000d\000e\000r\000B\000y\000N\000u\000m\000b\000e\000r\000A\000s\000c\000\050\000\051}{subsection.8.41.2}% 340
\BOOKMARK [1][-]{section.8.42}{\376\377\0008\000.\0004\0002\000\040\000c\000o\000m\000.\000e\000x\000a\000m\000p\000l\000e\000.\000f\000o\000o\000t\000b\000a\000l\000l\000\137\000m\000a\000n\000a\000g\000e\000r\000.\000d\000t\000o\000.\000P\000l\000a\000y\000e\000r\000R\000e\000q\000u\000e\000s\000t\000D\000T\000O\000\040\000C\000l\000a\000s\000s\000\040\000R\000e\000f\000e\000r\000e\000n\000c\000e}{chapter.8}% 341
\BOOKMARK [2][-]{subsection.8.42.1}{\376\377\0008\000.\0004\0002\000.\0001\000\040\000D\000e\000t\000a\000i\000l\000e\000d\000\040\000D\000e\000s\000c\000r\000i\000p\000t\000i\000o\000n}{section.8.42}% 342
\BOOKMARK [2][-]{subsection.8.42.2}{\376\377\0008\000.\0004\0002\000.\0002\000\040\000C\000o\000n\000s\000t\000r\000u\000c\000t\000o\000r\000\040\000\046\000\040\000D\000e\000s\000t\000r\000u\000c\000t\000o\000r\000\040\000D\000o\000c\000u\000m\000e\000n\000t\000a\000t\000i\000o\000n}{section.8.42}% 343
\BOOKMARK [3][-]{subsubsection.8.42.2.1}{\376\377\0008\000.\0004\0002\000.\0002\000.\0001\000\040\000P\000l\000a\000y\000e\000r\000R\000e\000q\000u\000e\000s\000t\000D\000T\000O\000\050\000\051\000\040\000[\0001\000/\0002\000]}{subsection.8.42.2}% 344
\BOOKMARK [3][-]{subsubsection.8.42.2.2}{\376\377\0008\000.\0004\0002\000.\0002\000.\0002\000\040\000P\000l\000a\000y\000e\000r\000R\000e\000q\000u\000e\000s\000t\000D\000T\000O\000\050\000\051\000\040\000[\0002\000/\0002\000]}{subsection.8.42.2}% 345
\BOOKMARK [2][-]{subsection.8.42.3}{\376\377\0008\000.\0004\0002\000.\0003\000\040\000M\000e\000m\000b\000e\000r\000\040\000F\000u\000n\000c\000t\000i\000o\000n\000\040\000D\000o\000c\000u\000m\000e\000n\000t\000a\000t\000i\000o\000n}{section.8.42}% 346
\BOOKMARK [3][-]{subsubsection.8.42.3.1}{\376\377\0008\000.\0004\0002\000.\0003\000.\0001\000\040\000g\000e\000t\000N\000a\000m\000e\000\050\000\051}{subsection.8.42.3}% 347
\BOOKMARK [3][-]{subsubsection.8.42.3.2}{\376\377\0008\000.\0004\0002\000.\0003\000.\0002\000\040\000g\000e\000t\000N\000u\000m\000b\000e\000r\000\050\000\051}{subsection.8.42.3}% 348
\BOOKMARK [3][-]{subsubsection.8.42.3.3}{\376\377\0008\000.\0004\0002\000.\0003\000.\0003\000\040\000g\000e\000t\000P\000o\000s\000i\000t\000i\000o\000n\000\050\000\051}{subsection.8.42.3}% 349
\BOOKMARK [3][-]{subsubsection.8.42.3.4}{\376\377\0008\000.\0004\0002\000.\0003\000.\0004\000\040\000s\000e\000t\000N\000a\000m\000e\000\050\000\051}{subsection.8.42.3}% 350
\BOOKMARK [3][-]{subsubsection.8.42.3.5}{\376\377\0008\000.\0004\0002\000.\0003\000.\0005\000\040\000s\000e\000t\000N\000u\000m\000b\000e\000r\000\050\000\051}{subsection.8.42.3}% 351
\BOOKMARK [3][-]{subsubsection.8.42.3.6}{\376\377\0008\000.\0004\0002\000.\0003\000.\0006\000\040\000s\000e\000t\000P\000o\000s\000i\000t\000i\000o\000n\000\050\000\051}{subsection.8.42.3}% 352
\BOOKMARK [1][-]{section.8.43}{\376\377\0008\000.\0004\0003\000\040\000c\000o\000m\000.\000e\000x\000a\000m\000p\000l\000e\000.\000f\000o\000o\000t\000b\000a\000l\000l\000\137\000m\000a\000n\000a\000g\000e\000r\000.\000s\000e\000r\000v\000i\000c\000e\000.\000P\000l\000a\000y\000e\000r\000S\000e\000r\000v\000i\000c\000e\000\040\000C\000l\000a\000s\000s\000\040\000R\000e\000f\000e\000r\000e\000n\000c\000e}{chapter.8}% 353
\BOOKMARK [2][-]{subsection.8.43.1}{\376\377\0008\000.\0004\0003\000.\0001\000\040\000D\000e\000t\000a\000i\000l\000e\000d\000\040\000D\000e\000s\000c\000r\000i\000p\000t\000i\000o\000n}{section.8.43}% 354
\BOOKMARK [2][-]{subsection.8.43.2}{\376\377\0008\000.\0004\0003\000.\0002\000\040\000C\000o\000n\000s\000t\000r\000u\000c\000t\000o\000r\000\040\000\046\000\040\000D\000e\000s\000t\000r\000u\000c\000t\000o\000r\000\040\000D\000o\000c\000u\000m\000e\000n\000t\000a\000t\000i\000o\000n}{section.8.43}% 355
\BOOKMARK [3][-]{subsubsection.8.43.2.1}{\376\377\0008\000.\0004\0003\000.\0002\000.\0001\000\040\000P\000l\000a\000y\000e\000r\000S\000e\000r\000v\000i\000c\000e\000\050\000\051}{subsection.8.43.2}% 356
\BOOKMARK [2][-]{subsection.8.43.3}{\376\377\0008\000.\0004\0003\000.\0003\000\040\000M\000e\000m\000b\000e\000r\000\040\000F\000u\000n\000c\000t\000i\000o\000n\000\040\000D\000o\000c\000u\000m\000e\000n\000t\000a\000t\000i\000o\000n}{section.8.43}% 357
\BOOKMARK [3][-]{subsubsection.8.43.3.1}{\376\377\0008\000.\0004\0003\000.\0003\000.\0001\000\040\000c\000r\000e\000a\000t\000e\000P\000l\000a\000y\000e\000r\000\050\000\051}{subsection.8.43.3}% 358
\BOOKMARK [3][-]{subsubsection.8.43.3.2}{\376\377\0008\000.\0004\0003\000.\0003\000.\0002\000\040\000c\000r\000e\000a\000t\000e\000P\000l\000a\000y\000e\000r\000s\000\050\000\051}{subsection.8.43.3}% 359
\BOOKMARK [3][-]{subsubsection.8.43.3.3}{\376\377\0008\000.\0004\0003\000.\0003\000.\0003\000\040\000d\000e\000l\000e\000t\000e\000P\000l\000a\000y\000e\000r\000\050\000\051}{subsection.8.43.3}% 360
\BOOKMARK [3][-]{subsubsection.8.43.3.4}{\376\377\0008\000.\0004\0003\000.\0003\000.\0004\000\040\000g\000e\000t\000P\000l\000a\000y\000e\000r\000B\000y\000T\000e\000a\000m\000I\000d\000\050\000\051}{subsection.8.43.3}% 361
\BOOKMARK [3][-]{subsubsection.8.43.3.5}{\376\377\0008\000.\0004\0003\000.\0003\000.\0005\000\040\000g\000e\000t\000P\000l\000a\000y\000e\000r\000s\000B\000y\000T\000e\000a\000m\000I\000d\000\050\000\051}{subsection.8.43.3}% 362
\BOOKMARK [3][-]{subsubsection.8.43.3.6}{\376\377\0008\000.\0004\0003\000.\0003\000.\0006\000\040\000u\000p\000d\000a\000t\000e\000P\000l\000a\000y\000e\000r\000\050\000\051}{subsection.8.43.3}% 363
\BOOKMARK [1][-]{section.8.44}{\376\377\0008\000.\0004\0004\000\040\000c\000o\000m\000.\000e\000x\000a\000m\000p\000l\000e\000.\000f\000o\000o\000t\000b\000a\000l\000l\000\137\000m\000a\000n\000a\000g\000e\000r\000.\000d\000t\000o\000.\000P\000r\000o\000f\000i\000l\000e\000U\000p\000d\000a\000t\000e\000D\000T\000O\000\040\000C\000l\000a\000s\000s\000\040\000R\000e\000f\000e\000r\000e\000n\000c\000e}{chapter.8}% 364
\BOOKMARK [2][-]{subsection.8.44.1}{\376\377\0008\000.\0004\0004\000.\0001\000\040\000D\000e\000t\000a\000i\000l\000e\000d\000\040\000D\000e\000s\000c\000r\000i\000p\000t\000i\000o\000n}{section.8.44}% 365
\BOOKMARK [2][-]{subsection.8.44.2}{\376\377\0008\000.\0004\0004\000.\0002\000\040\000M\000e\000m\000b\000e\000r\000\040\000F\000u\000n\000c\000t\000i\000o\000n\000\040\000D\000o\000c\000u\000m\000e\000n\000t\000a\000t\000i\000o\000n}{section.8.44}% 366
\BOOKMARK [3][-]{subsubsection.8.44.2.1}{\376\377\0008\000.\0004\0004\000.\0002\000.\0001\000\040\000i\000s\000P\000a\000s\000s\000w\000o\000r\000d\000C\000o\000n\000f\000i\000r\000m\000a\000t\000i\000o\000n\000V\000a\000l\000i\000d\000\050\000\051}{subsection.8.44.2}% 367
\BOOKMARK [1][-]{section.8.45}{\376\377\0008\000.\0004\0005\000\040\000c\000o\000m\000.\000e\000x\000a\000m\000p\000l\000e\000.\000f\000o\000o\000t\000b\000a\000l\000l\000\137\000m\000a\000n\000a\000g\000e\000r\000.\000c\000o\000n\000t\000r\000o\000l\000l\000e\000r\000.\000P\000r\000o\000f\000i\000l\000e\000V\000i\000e\000w\000C\000o\000n\000t\000r\000o\000l\000l\000e\000r\000\040\000C\000l\000a\000s\000s\000\040\000R\000e\000f\000e\000r\000e\000n\000c\000e}{chapter.8}% 368
\BOOKMARK [2][-]{subsection.8.45.1}{\376\377\0008\000.\0004\0005\000.\0001\000\040\000D\000e\000t\000a\000i\000l\000e\000d\000\040\000D\000e\000s\000c\000r\000i\000p\000t\000i\000o\000n}{section.8.45}% 369
\BOOKMARK [2][-]{subsection.8.45.2}{\376\377\0008\000.\0004\0005\000.\0002\000\040\000C\000o\000n\000s\000t\000r\000u\000c\000t\000o\000r\000\040\000\046\000\040\000D\000e\000s\000t\000r\000u\000c\000t\000o\000r\000\040\000D\000o\000c\000u\000m\000e\000n\000t\000a\000t\000i\000o\000n}{section.8.45}% 370
\BOOKMARK [3][-]{subsubsection.8.45.2.1}{\376\377\0008\000.\0004\0005\000.\0002\000.\0001\000\040\000P\000r\000o\000f\000i\000l\000e\000V\000i\000e\000w\000C\000o\000n\000t\000r\000o\000l\000l\000e\000r\000\050\000\051}{subsection.8.45.2}% 371
\BOOKMARK [2][-]{subsection.8.45.3}{\376\377\0008\000.\0004\0005\000.\0003\000\040\000M\000e\000m\000b\000e\000r\000\040\000F\000u\000n\000c\000t\000i\000o\000n\000\040\000D\000o\000c\000u\000m\000e\000n\000t\000a\000t\000i\000o\000n}{section.8.45}% 372
\BOOKMARK [3][-]{subsubsection.8.45.3.1}{\376\377\0008\000.\0004\0005\000.\0003\000.\0001\000\040\000p\000r\000o\000f\000i\000l\000e\000P\000a\000g\000e\000\050\000\051}{subsection.8.45.3}% 373
\BOOKMARK [3][-]{subsubsection.8.45.3.2}{\376\377\0008\000.\0004\0005\000.\0003\000.\0002\000\040\000u\000p\000d\000a\000t\000e\000P\000r\000o\000f\000i\000l\000e\000\050\000\051}{subsection.8.45.3}% 374
\BOOKMARK [1][-]{section.8.46}{\376\377\0008\000.\0004\0006\000\040\000c\000o\000m\000.\000e\000x\000a\000m\000p\000l\000e\000.\000f\000o\000o\000t\000b\000a\000l\000l\000\137\000m\000a\000n\000a\000g\000e\000r\000.\000d\000t\000o\000.\000R\000e\000g\000i\000s\000t\000e\000r\000D\000T\000O\000\040\000C\000l\000a\000s\000s\000\040\000R\000e\000f\000e\000r\000e\000n\000c\000e}{chapter.8}% 375
\BOOKMARK [2][-]{subsection.8.46.1}{\376\377\0008\000.\0004\0006\000.\0001\000\040\000D\000e\000t\000a\000i\000l\000e\000d\000\040\000D\000e\000s\000c\000r\000i\000p\000t\000i\000o\000n}{section.8.46}% 376
\BOOKMARK [2][-]{subsection.8.46.2}{\376\377\0008\000.\0004\0006\000.\0002\000\040\000M\000e\000m\000b\000e\000r\000\040\000F\000u\000n\000c\000t\000i\000o\000n\000\040\000D\000o\000c\000u\000m\000e\000n\000t\000a\000t\000i\000o\000n}{section.8.46}% 377
\BOOKMARK [3][-]{subsubsection.8.46.2.1}{\376\377\0008\000.\0004\0006\000.\0002\000.\0001\000\040\000g\000e\000t\000E\000m\000a\000i\000l\000\050\000\051}{subsection.8.46.2}% 378
\BOOKMARK [3][-]{subsubsection.8.46.2.2}{\376\377\0008\000.\0004\0006\000.\0002\000.\0002\000\040\000g\000e\000t\000I\000s\000A\000d\000m\000i\000n\000\050\000\051}{subsection.8.46.2}% 379
\BOOKMARK [3][-]{subsubsection.8.46.2.3}{\376\377\0008\000.\0004\0006\000.\0002\000.\0003\000\040\000g\000e\000t\000P\000a\000s\000s\000w\000o\000r\000d\000\050\000\051}{subsection.8.46.2}% 380
\BOOKMARK [3][-]{subsubsection.8.46.2.4}{\376\377\0008\000.\0004\0006\000.\0002\000.\0004\000\040\000g\000e\000t\000U\000s\000e\000r\000n\000a\000m\000e\000\050\000\051}{subsection.8.46.2}% 381
\BOOKMARK [3][-]{subsubsection.8.46.2.5}{\376\377\0008\000.\0004\0006\000.\0002\000.\0005\000\040\000s\000e\000t\000E\000m\000a\000i\000l\000\050\000\051}{subsection.8.46.2}% 382
\BOOKMARK [3][-]{subsubsection.8.46.2.6}{\376\377\0008\000.\0004\0006\000.\0002\000.\0006\000\040\000s\000e\000t\000I\000s\000A\000d\000m\000i\000n\000\050\000\051}{subsection.8.46.2}% 383
\BOOKMARK [3][-]{subsubsection.8.46.2.7}{\376\377\0008\000.\0004\0006\000.\0002\000.\0007\000\040\000s\000e\000t\000P\000a\000s\000s\000w\000o\000r\000d\000\050\000\051}{subsection.8.46.2}% 384
\BOOKMARK [3][-]{subsubsection.8.46.2.8}{\376\377\0008\000.\0004\0006\000.\0002\000.\0008\000\040\000s\000e\000t\000U\000s\000e\000r\000n\000a\000m\000e\000\050\000\051}{subsection.8.46.2}% 385
\BOOKMARK [1][-]{section.8.47}{\376\377\0008\000.\0004\0007\000\040\000c\000o\000m\000.\000e\000x\000a\000m\000p\000l\000e\000.\000f\000o\000o\000t\000b\000a\000l\000l\000\137\000m\000a\000n\000a\000g\000e\000r\000.\000c\000o\000n\000f\000i\000g\000.\000S\000e\000c\000u\000r\000i\000t\000y\000C\000o\000n\000f\000i\000g\000\040\000C\000l\000a\000s\000s\000\040\000R\000e\000f\000e\000r\000e\000n\000c\000e}{chapter.8}% 386
\BOOKMARK [2][-]{subsection.8.47.1}{\376\377\0008\000.\0004\0007\000.\0001\000\040\000D\000e\000t\000a\000i\000l\000e\000d\000\040\000D\000e\000s\000c\000r\000i\000p\000t\000i\000o\000n}{section.8.47}% 387
\BOOKMARK [2][-]{subsection.8.47.2}{\376\377\0008\000.\0004\0007\000.\0002\000\040\000M\000e\000m\000b\000e\000r\000\040\000F\000u\000n\000c\000t\000i\000o\000n\000\040\000D\000o\000c\000u\000m\000e\000n\000t\000a\000t\000i\000o\000n}{section.8.47}% 388
\BOOKMARK [3][-]{subsubsection.8.47.2.1}{\376\377\0008\000.\0004\0007\000.\0002\000.\0001\000\040\000f\000i\000l\000t\000e\000r\000C\000h\000a\000i\000n\000\050\000\051}{subsection.8.47.2}% 389
\BOOKMARK [3][-]{subsubsection.8.47.2.2}{\376\377\0008\000.\0004\0007\000.\0002\000.\0002\000\040\000p\000a\000s\000s\000w\000o\000r\000d\000E\000n\000c\000o\000d\000e\000r\000\050\000\051}{subsection.8.47.2}% 390
\BOOKMARK [1][-]{section.8.48}{\376\377\0008\000.\0004\0008\000\040\000c\000o\000m\000.\000e\000x\000a\000m\000p\000l\000e\000.\000f\000o\000o\000t\000b\000a\000l\000l\000\137\000m\000a\000n\000a\000g\000e\000r\000.\000d\000t\000o\000.\000S\000t\000a\000n\000d\000i\000n\000g\000D\000T\000O\000\040\000C\000l\000a\000s\000s\000\040\000R\000e\000f\000e\000r\000e\000n\000c\000e}{chapter.8}% 391
\BOOKMARK [2][-]{subsection.8.48.1}{\376\377\0008\000.\0004\0008\000.\0001\000\040\000D\000e\000t\000a\000i\000l\000e\000d\000\040\000D\000e\000s\000c\000r\000i\000p\000t\000i\000o\000n}{section.8.48}% 392
\BOOKMARK [2][-]{subsection.8.48.2}{\376\377\0008\000.\0004\0008\000.\0002\000\040\000C\000o\000n\000s\000t\000r\000u\000c\000t\000o\000r\000\040\000\046\000\040\000D\000e\000s\000t\000r\000u\000c\000t\000o\000r\000\040\000D\000o\000c\000u\000m\000e\000n\000t\000a\000t\000i\000o\000n}{section.8.48}% 393
\BOOKMARK [3][-]{subsubsection.8.48.2.1}{\376\377\0008\000.\0004\0008\000.\0002\000.\0001\000\040\000S\000t\000a\000n\000d\000i\000n\000g\000D\000T\000O\000\050\000\051\000\040\000[\0001\000/\0002\000]}{subsection.8.48.2}% 394
\BOOKMARK [3][-]{subsubsection.8.48.2.2}{\376\377\0008\000.\0004\0008\000.\0002\000.\0002\000\040\000S\000t\000a\000n\000d\000i\000n\000g\000D\000T\000O\000\050\000\051\000\040\000[\0002\000/\0002\000]}{subsection.8.48.2}% 395
\BOOKMARK [2][-]{subsection.8.48.3}{\376\377\0008\000.\0004\0008\000.\0003\000\040\000M\000e\000m\000b\000e\000r\000\040\000F\000u\000n\000c\000t\000i\000o\000n\000\040\000D\000o\000c\000u\000m\000e\000n\000t\000a\000t\000i\000o\000n}{section.8.48}% 396
\BOOKMARK [3][-]{subsubsection.8.48.3.1}{\376\377\0008\000.\0004\0008\000.\0003\000.\0001\000\040\000g\000e\000t\000D\000r\000a\000w\000n\000\050\000\051}{subsection.8.48.3}% 397
\BOOKMARK [3][-]{subsubsection.8.48.3.2}{\376\377\0008\000.\0004\0008\000.\0003\000.\0002\000\040\000g\000e\000t\000G\000o\000a\000l\000D\000i\000f\000f\000e\000r\000e\000n\000c\000e\000\050\000\051}{subsection.8.48.3}% 398
\BOOKMARK [3][-]{subsubsection.8.48.3.3}{\376\377\0008\000.\0004\0008\000.\0003\000.\0003\000\040\000g\000e\000t\000G\000o\000a\000l\000s\000A\000g\000a\000i\000n\000s\000t\000\050\000\051}{subsection.8.48.3}% 399
\BOOKMARK [3][-]{subsubsection.8.48.3.4}{\376\377\0008\000.\0004\0008\000.\0003\000.\0004\000\040\000g\000e\000t\000G\000o\000a\000l\000s\000F\000o\000r\000\050\000\051}{subsection.8.48.3}% 400
\BOOKMARK [3][-]{subsubsection.8.48.3.5}{\376\377\0008\000.\0004\0008\000.\0003\000.\0005\000\040\000g\000e\000t\000L\000o\000g\000o\000U\000r\000l\000\050\000\051}{subsection.8.48.3}% 401
\BOOKMARK [3][-]{subsubsection.8.48.3.6}{\376\377\0008\000.\0004\0008\000.\0003\000.\0006\000\040\000g\000e\000t\000L\000o\000s\000t\000\050\000\051}{subsection.8.48.3}% 402
\BOOKMARK [3][-]{subsubsection.8.48.3.7}{\376\377\0008\000.\0004\0008\000.\0003\000.\0007\000\040\000g\000e\000t\000M\000a\000t\000c\000h\000e\000s\000P\000l\000a\000y\000e\000d\000\050\000\051}{subsection.8.48.3}% 403
\BOOKMARK [3][-]{subsubsection.8.48.3.8}{\376\377\0008\000.\0004\0008\000.\0003\000.\0008\000\040\000g\000e\000t\000P\000o\000i\000n\000t\000s\000\050\000\051}{subsection.8.48.3}% 404
\BOOKMARK [3][-]{subsubsection.8.48.3.9}{\376\377\0008\000.\0004\0008\000.\0003\000.\0009\000\040\000g\000e\000t\000T\000e\000a\000m\000N\000a\000m\000e\000\050\000\051}{subsection.8.48.3}% 405
\BOOKMARK [3][-]{subsubsection.8.48.3.10}{\376\377\0008\000.\0004\0008\000.\0003\000.\0001\0000\000\040\000g\000e\000t\000W\000o\000n\000\050\000\051}{subsection.8.48.3}% 406
\BOOKMARK [3][-]{subsubsection.8.48.3.11}{\376\377\0008\000.\0004\0008\000.\0003\000.\0001\0001\000\040\000s\000e\000t\000D\000r\000a\000w\000n\000\050\000\051}{subsection.8.48.3}% 407
\BOOKMARK [3][-]{subsubsection.8.48.3.12}{\376\377\0008\000.\0004\0008\000.\0003\000.\0001\0002\000\040\000s\000e\000t\000G\000o\000a\000l\000D\000i\000f\000f\000e\000r\000e\000n\000c\000e\000\050\000\051}{subsection.8.48.3}% 408
\BOOKMARK [3][-]{subsubsection.8.48.3.13}{\376\377\0008\000.\0004\0008\000.\0003\000.\0001\0003\000\040\000s\000e\000t\000G\000o\000a\000l\000s\000A\000g\000a\000i\000n\000s\000t\000\050\000\051}{subsection.8.48.3}% 409
\BOOKMARK [3][-]{subsubsection.8.48.3.14}{\376\377\0008\000.\0004\0008\000.\0003\000.\0001\0004\000\040\000s\000e\000t\000G\000o\000a\000l\000s\000F\000o\000r\000\050\000\051}{subsection.8.48.3}% 410
\BOOKMARK [3][-]{subsubsection.8.48.3.15}{\376\377\0008\000.\0004\0008\000.\0003\000.\0001\0005\000\040\000s\000e\000t\000L\000o\000g\000o\000U\000r\000l\000\050\000\051}{subsection.8.48.3}% 411
\BOOKMARK [3][-]{subsubsection.8.48.3.16}{\376\377\0008\000.\0004\0008\000.\0003\000.\0001\0006\000\040\000s\000e\000t\000L\000o\000s\000t\000\050\000\051}{subsection.8.48.3}% 412
\BOOKMARK [3][-]{subsubsection.8.48.3.17}{\376\377\0008\000.\0004\0008\000.\0003\000.\0001\0007\000\040\000s\000e\000t\000M\000a\000t\000c\000h\000e\000s\000P\000l\000a\000y\000e\000d\000\050\000\051}{subsection.8.48.3}% 413
\BOOKMARK [3][-]{subsubsection.8.48.3.18}{\376\377\0008\000.\0004\0008\000.\0003\000.\0001\0008\000\040\000s\000e\000t\000P\000o\000i\000n\000t\000s\000\050\000\051}{subsection.8.48.3}% 414
\BOOKMARK [3][-]{subsubsection.8.48.3.19}{\376\377\0008\000.\0004\0008\000.\0003\000.\0001\0009\000\040\000s\000e\000t\000T\000e\000a\000m\000N\000a\000m\000e\000\050\000\051}{subsection.8.48.3}% 415
\BOOKMARK [3][-]{subsubsection.8.48.3.20}{\376\377\0008\000.\0004\0008\000.\0003\000.\0002\0000\000\040\000s\000e\000t\000W\000o\000n\000\050\000\051}{subsection.8.48.3}% 416
\BOOKMARK [1][-]{section.8.49}{\376\377\0008\000.\0004\0009\000\040\000c\000o\000m\000.\000e\000x\000a\000m\000p\000l\000e\000.\000f\000o\000o\000t\000b\000a\000l\000l\000\137\000m\000a\000n\000a\000g\000e\000r\000.\000c\000o\000n\000t\000r\000o\000l\000l\000e\000r\000.\000S\000t\000a\000n\000d\000i\000n\000g\000s\000C\000o\000n\000t\000r\000o\000l\000l\000e\000r\000\040\000C\000l\000a\000s\000s\000\040\000R\000e\000f\000e\000r\000e\000n\000c\000e}{chapter.8}% 417
\BOOKMARK [2][-]{subsection.8.49.1}{\376\377\0008\000.\0004\0009\000.\0001\000\040\000D\000e\000t\000a\000i\000l\000e\000d\000\040\000D\000e\000s\000c\000r\000i\000p\000t\000i\000o\000n}{section.8.49}% 418
\BOOKMARK [2][-]{subsection.8.49.2}{\376\377\0008\000.\0004\0009\000.\0002\000\040\000C\000o\000n\000s\000t\000r\000u\000c\000t\000o\000r\000\040\000\046\000\040\000D\000e\000s\000t\000r\000u\000c\000t\000o\000r\000\040\000D\000o\000c\000u\000m\000e\000n\000t\000a\000t\000i\000o\000n}{section.8.49}% 419
\BOOKMARK [3][-]{subsubsection.8.49.2.1}{\376\377\0008\000.\0004\0009\000.\0002\000.\0001\000\040\000S\000t\000a\000n\000d\000i\000n\000g\000s\000C\000o\000n\000t\000r\000o\000l\000l\000e\000r\000\050\000\051}{subsection.8.49.2}% 420
\BOOKMARK [2][-]{subsection.8.49.3}{\376\377\0008\000.\0004\0009\000.\0003\000\040\000M\000e\000m\000b\000e\000r\000\040\000F\000u\000n\000c\000t\000i\000o\000n\000\040\000D\000o\000c\000u\000m\000e\000n\000t\000a\000t\000i\000o\000n}{section.8.49}% 421
\BOOKMARK [3][-]{subsubsection.8.49.3.1}{\376\377\0008\000.\0004\0009\000.\0003\000.\0001\000\040\000g\000e\000t\000S\000t\000a\000n\000d\000i\000n\000g\000s\000\050\000\051}{subsection.8.49.3}% 422
\BOOKMARK [1][-]{section.8.50}{\376\377\0008\000.\0005\0000\000\040\000c\000o\000m\000.\000e\000x\000a\000m\000p\000l\000e\000.\000f\000o\000o\000t\000b\000a\000l\000l\000\137\000m\000a\000n\000a\000g\000e\000r\000.\000s\000e\000r\000v\000i\000c\000e\000.\000S\000t\000a\000n\000d\000i\000n\000g\000s\000S\000e\000r\000v\000i\000c\000e\000\040\000C\000l\000a\000s\000s\000\040\000R\000e\000f\000e\000r\000e\000n\000c\000e}{chapter.8}% 423
\BOOKMARK [2][-]{subsection.8.50.1}{\376\377\0008\000.\0005\0000\000.\0001\000\040\000D\000e\000t\000a\000i\000l\000e\000d\000\040\000D\000e\000s\000c\000r\000i\000p\000t\000i\000o\000n}{section.8.50}% 424
\BOOKMARK [2][-]{subsection.8.50.2}{\376\377\0008\000.\0005\0000\000.\0002\000\040\000C\000o\000n\000s\000t\000r\000u\000c\000t\000o\000r\000\040\000\046\000\040\000D\000e\000s\000t\000r\000u\000c\000t\000o\000r\000\040\000D\000o\000c\000u\000m\000e\000n\000t\000a\000t\000i\000o\000n}{section.8.50}% 425
\BOOKMARK [3][-]{subsubsection.8.50.2.1}{\376\377\0008\000.\0005\0000\000.\0002\000.\0001\000\040\000S\000t\000a\000n\000d\000i\000n\000g\000s\000S\000e\000r\000v\000i\000c\000e\000\050\000\051}{subsection.8.50.2}% 426
\BOOKMARK [2][-]{subsection.8.50.3}{\376\377\0008\000.\0005\0000\000.\0003\000\040\000M\000e\000m\000b\000e\000r\000\040\000F\000u\000n\000c\000t\000i\000o\000n\000\040\000D\000o\000c\000u\000m\000e\000n\000t\000a\000t\000i\000o\000n}{section.8.50}% 427
\BOOKMARK [3][-]{subsubsection.8.50.3.1}{\376\377\0008\000.\0005\0000\000.\0003\000.\0001\000\040\000g\000e\000t\000C\000o\000m\000p\000e\000t\000i\000t\000i\000o\000n\000s\000\050\000\051}{subsection.8.50.3}% 428
\BOOKMARK [3][-]{subsubsection.8.50.3.2}{\376\377\0008\000.\0005\0000\000.\0003\000.\0002\000\040\000g\000e\000t\000S\000t\000a\000n\000d\000i\000n\000g\000s\000F\000o\000r\000C\000o\000m\000p\000e\000t\000i\000t\000i\000o\000n\000\050\000\051}{subsection.8.50.3}% 429
\BOOKMARK [1][-]{section.8.51}{\376\377\0008\000.\0005\0001\000\040\000c\000o\000m\000.\000e\000x\000a\000m\000p\000l\000e\000.\000f\000o\000o\000t\000b\000a\000l\000l\000\137\000m\000a\000n\000a\000g\000e\000r\000.\000c\000o\000n\000t\000r\000o\000l\000l\000e\000r\000.\000S\000t\000a\000n\000d\000i\000n\000g\000s\000V\000i\000e\000w\000C\000o\000n\000t\000r\000o\000l\000l\000e\000r\000\040\000C\000l\000a\000s\000s\000\040\000R\000e\000f\000e\000r\000e\000n\000c\000e}{chapter.8}% 430
\BOOKMARK [2][-]{subsection.8.51.1}{\376\377\0008\000.\0005\0001\000.\0001\000\040\000D\000e\000t\000a\000i\000l\000e\000d\000\040\000D\000e\000s\000c\000r\000i\000p\000t\000i\000o\000n}{section.8.51}% 431
\BOOKMARK [2][-]{subsection.8.51.2}{\376\377\0008\000.\0005\0001\000.\0002\000\040\000C\000o\000n\000s\000t\000r\000u\000c\000t\000o\000r\000\040\000\046\000\040\000D\000e\000s\000t\000r\000u\000c\000t\000o\000r\000\040\000D\000o\000c\000u\000m\000e\000n\000t\000a\000t\000i\000o\000n}{section.8.51}% 432
\BOOKMARK [3][-]{subsubsection.8.51.2.1}{\376\377\0008\000.\0005\0001\000.\0002\000.\0001\000\040\000S\000t\000a\000n\000d\000i\000n\000g\000s\000V\000i\000e\000w\000C\000o\000n\000t\000r\000o\000l\000l\000e\000r\000\050\000\051}{subsection.8.51.2}% 433
\BOOKMARK [2][-]{subsection.8.51.3}{\376\377\0008\000.\0005\0001\000.\0003\000\040\000M\000e\000m\000b\000e\000r\000\040\000F\000u\000n\000c\000t\000i\000o\000n\000\040\000D\000o\000c\000u\000m\000e\000n\000t\000a\000t\000i\000o\000n}{section.8.51}% 434
\BOOKMARK [3][-]{subsubsection.8.51.3.1}{\376\377\0008\000.\0005\0001\000.\0003\000.\0001\000\040\000s\000t\000a\000n\000d\000i\000n\000g\000s\000P\000a\000g\000e\000\050\000\051}{subsection.8.51.3}% 435
\BOOKMARK [1][-]{section.8.52}{\376\377\0008\000.\0005\0002\000\040\000c\000o\000m\000.\000e\000x\000a\000m\000p\000l\000e\000.\000f\000o\000o\000t\000b\000a\000l\000l\000\137\000m\000a\000n\000a\000g\000e\000r\000.\000m\000o\000d\000e\000l\000.\000T\000e\000a\000m\000\040\000C\000l\000a\000s\000s\000\040\000R\000e\000f\000e\000r\000e\000n\000c\000e}{chapter.8}% 436
\BOOKMARK [2][-]{subsection.8.52.1}{\376\377\0008\000.\0005\0002\000.\0001\000\040\000D\000e\000t\000a\000i\000l\000e\000d\000\040\000D\000e\000s\000c\000r\000i\000p\000t\000i\000o\000n}{section.8.52}% 437
\BOOKMARK [2][-]{subsection.8.52.2}{\376\377\0008\000.\0005\0002\000.\0002\000\040\000C\000o\000n\000s\000t\000r\000u\000c\000t\000o\000r\000\040\000\046\000\040\000D\000e\000s\000t\000r\000u\000c\000t\000o\000r\000\040\000D\000o\000c\000u\000m\000e\000n\000t\000a\000t\000i\000o\000n}{section.8.52}% 438
\BOOKMARK [3][-]{subsubsection.8.52.2.1}{\376\377\0008\000.\0005\0002\000.\0002\000.\0001\000\040\000T\000e\000a\000m\000\050\000\051}{subsection.8.52.2}% 439
\BOOKMARK [1][-]{section.8.53}{\376\377\0008\000.\0005\0003\000\040\000c\000o\000m\000.\000e\000x\000a\000m\000p\000l\000e\000.\000f\000o\000o\000t\000b\000a\000l\000l\000\137\000m\000a\000n\000a\000g\000e\000r\000.\000c\000o\000n\000t\000r\000o\000l\000l\000e\000r\000.\000T\000e\000a\000m\000C\000o\000n\000t\000r\000o\000l\000l\000e\000r\000\040\000C\000l\000a\000s\000s\000\040\000R\000e\000f\000e\000r\000e\000n\000c\000e}{chapter.8}% 440
\BOOKMARK [2][-]{subsection.8.53.1}{\376\377\0008\000.\0005\0003\000.\0001\000\040\000D\000e\000t\000a\000i\000l\000e\000d\000\040\000D\000e\000s\000c\000r\000i\000p\000t\000i\000o\000n}{section.8.53}% 441
\BOOKMARK [2][-]{subsection.8.53.2}{\376\377\0008\000.\0005\0003\000.\0002\000\040\000C\000o\000n\000s\000t\000r\000u\000c\000t\000o\000r\000\040\000\046\000\040\000D\000e\000s\000t\000r\000u\000c\000t\000o\000r\000\040\000D\000o\000c\000u\000m\000e\000n\000t\000a\000t\000i\000o\000n}{section.8.53}% 442
\BOOKMARK [3][-]{subsubsection.8.53.2.1}{\376\377\0008\000.\0005\0003\000.\0002\000.\0001\000\040\000T\000e\000a\000m\000C\000o\000n\000t\000r\000o\000l\000l\000e\000r\000\050\000\051}{subsection.8.53.2}% 443
\BOOKMARK [2][-]{subsection.8.53.3}{\376\377\0008\000.\0005\0003\000.\0003\000\040\000M\000e\000m\000b\000e\000r\000\040\000F\000u\000n\000c\000t\000i\000o\000n\000\040\000D\000o\000c\000u\000m\000e\000n\000t\000a\000t\000i\000o\000n}{section.8.53}% 444
\BOOKMARK [3][-]{subsubsection.8.53.3.1}{\376\377\0008\000.\0005\0003\000.\0003\000.\0001\000\040\000c\000r\000e\000a\000t\000e\000T\000e\000a\000m\000\050\000\051}{subsection.8.53.3}% 445
\BOOKMARK [3][-]{subsubsection.8.53.3.2}{\376\377\0008\000.\0005\0003\000.\0003\000.\0002\000\040\000d\000e\000l\000e\000t\000e\000T\000e\000a\000m\000\050\000\051}{subsection.8.53.3}% 446
\BOOKMARK [3][-]{subsubsection.8.53.3.3}{\376\377\0008\000.\0005\0003\000.\0003\000.\0003\000\040\000g\000e\000t\000A\000l\000l\000T\000e\000a\000m\000s\000\050\000\051}{subsection.8.53.3}% 447
\BOOKMARK [3][-]{subsubsection.8.53.3.4}{\376\377\0008\000.\0005\0003\000.\0003\000.\0004\000\040\000g\000e\000t\000T\000e\000a\000m\000B\000y\000I\000d\000\050\000\051}{subsection.8.53.3}% 448
\BOOKMARK [3][-]{subsubsection.8.53.3.5}{\376\377\0008\000.\0005\0003\000.\0003\000.\0005\000\040\000g\000e\000t\000T\000e\000a\000m\000s\000C\000o\000n\000t\000a\000i\000n\000i\000n\000g\000N\000a\000m\000e\000\050\000\051}{subsection.8.53.3}% 449
\BOOKMARK [3][-]{subsubsection.8.53.3.6}{\376\377\0008\000.\0005\0003\000.\0003\000.\0006\000\040\000u\000p\000d\000a\000t\000e\000T\000e\000a\000m\000\050\000\051}{subsection.8.53.3}% 450
\BOOKMARK [1][-]{section.8.54}{\376\377\0008\000.\0005\0004\000\040\000c\000o\000m\000.\000e\000x\000a\000m\000p\000l\000e\000.\000f\000o\000o\000t\000b\000a\000l\000l\000\137\000m\000a\000n\000a\000g\000e\000r\000.\000r\000e\000p\000o\000s\000i\000t\000o\000r\000y\000.\000T\000e\000a\000m\000R\000e\000p\000o\000s\000i\000t\000o\000r\000y\000\040\000I\000n\000t\000e\000r\000f\000a\000c\000e\000\040\000R\000e\000f\000e\000r\000e\000n\000c\000e}{chapter.8}% 451
\BOOKMARK [2][-]{subsection.8.54.1}{\376\377\0008\000.\0005\0004\000.\0001\000\040\000D\000e\000t\000a\000i\000l\000e\000d\000\040\000D\000e\000s\000c\000r\000i\000p\000t\000i\000o\000n}{section.8.54}% 452
\BOOKMARK [2][-]{subsection.8.54.2}{\376\377\0008\000.\0005\0004\000.\0002\000\040\000M\000e\000m\000b\000e\000r\000\040\000F\000u\000n\000c\000t\000i\000o\000n\000\040\000D\000o\000c\000u\000m\000e\000n\000t\000a\000t\000i\000o\000n}{section.8.54}% 453
\BOOKMARK [3][-]{subsubsection.8.54.2.1}{\376\377\0008\000.\0005\0004\000.\0002\000.\0001\000\040\000f\000i\000n\000d\000B\000y\000N\000a\000m\000e\000C\000o\000n\000t\000a\000i\000n\000i\000n\000g\000I\000g\000n\000o\000r\000e\000C\000a\000s\000e\000\050\000\051}{subsection.8.54.2}% 454
\BOOKMARK [1][-]{section.8.55}{\376\377\0008\000.\0005\0005\000\040\000c\000o\000m\000.\000e\000x\000a\000m\000p\000l\000e\000.\000f\000o\000o\000t\000b\000a\000l\000l\000\137\000m\000a\000n\000a\000g\000e\000r\000.\000d\000t\000o\000.\000T\000e\000a\000m\000R\000e\000q\000u\000e\000s\000t\000D\000T\000O\000\040\000C\000l\000a\000s\000s\000\040\000R\000e\000f\000e\000r\000e\000n\000c\000e}{chapter.8}% 455
\BOOKMARK [2][-]{subsection.8.55.1}{\376\377\0008\000.\0005\0005\000.\0001\000\040\000D\000e\000t\000a\000i\000l\000e\000d\000\040\000D\000e\000s\000c\000r\000i\000p\000t\000i\000o\000n}{section.8.55}% 456
\BOOKMARK [2][-]{subsection.8.55.2}{\376\377\0008\000.\0005\0005\000.\0002\000\040\000C\000o\000n\000s\000t\000r\000u\000c\000t\000o\000r\000\040\000\046\000\040\000D\000e\000s\000t\000r\000u\000c\000t\000o\000r\000\040\000D\000o\000c\000u\000m\000e\000n\000t\000a\000t\000i\000o\000n}{section.8.55}% 457
\BOOKMARK [3][-]{subsubsection.8.55.2.1}{\376\377\0008\000.\0005\0005\000.\0002\000.\0001\000\040\000T\000e\000a\000m\000R\000e\000q\000u\000e\000s\000t\000D\000T\000O\000\050\000\051\000\040\000[\0001\000/\0002\000]}{subsection.8.55.2}% 458
\BOOKMARK [3][-]{subsubsection.8.55.2.2}{\376\377\0008\000.\0005\0005\000.\0002\000.\0002\000\040\000T\000e\000a\000m\000R\000e\000q\000u\000e\000s\000t\000D\000T\000O\000\050\000\051\000\040\000[\0002\000/\0002\000]}{subsection.8.55.2}% 459
\BOOKMARK [2][-]{subsection.8.55.3}{\376\377\0008\000.\0005\0005\000.\0003\000\040\000M\000e\000m\000b\000e\000r\000\040\000F\000u\000n\000c\000t\000i\000o\000n\000\040\000D\000o\000c\000u\000m\000e\000n\000t\000a\000t\000i\000o\000n}{section.8.55}% 460
\BOOKMARK [3][-]{subsubsection.8.55.3.1}{\376\377\0008\000.\0005\0005\000.\0003\000.\0001\000\040\000g\000e\000t\000C\000o\000u\000n\000t\000r\000y\000I\000d\000\050\000\051}{subsection.8.55.3}% 461
\BOOKMARK [3][-]{subsubsection.8.55.3.2}{\376\377\0008\000.\0005\0005\000.\0003\000.\0002\000\040\000g\000e\000t\000L\000o\000g\000o\000U\000r\000l\000\050\000\051}{subsection.8.55.3}% 462
\BOOKMARK [3][-]{subsubsection.8.55.3.3}{\376\377\0008\000.\0005\0005\000.\0003\000.\0003\000\040\000g\000e\000t\000N\000a\000m\000e\000\050\000\051}{subsection.8.55.3}% 463
\BOOKMARK [3][-]{subsubsection.8.55.3.4}{\376\377\0008\000.\0005\0005\000.\0003\000.\0004\000\040\000s\000e\000t\000C\000o\000u\000n\000t\000r\000y\000I\000d\000\050\000\051}{subsection.8.55.3}% 464
\BOOKMARK [3][-]{subsubsection.8.55.3.5}{\376\377\0008\000.\0005\0005\000.\0003\000.\0005\000\040\000s\000e\000t\000L\000o\000g\000o\000U\000r\000l\000\050\000\051}{subsection.8.55.3}% 465
\BOOKMARK [3][-]{subsubsection.8.55.3.6}{\376\377\0008\000.\0005\0005\000.\0003\000.\0006\000\040\000s\000e\000t\000N\000a\000m\000e\000\050\000\051}{subsection.8.55.3}% 466
\BOOKMARK [1][-]{section.8.56}{\376\377\0008\000.\0005\0006\000\040\000c\000o\000m\000.\000e\000x\000a\000m\000p\000l\000e\000.\000f\000o\000o\000t\000b\000a\000l\000l\000\137\000m\000a\000n\000a\000g\000e\000r\000.\000s\000e\000r\000v\000i\000c\000e\000.\000T\000e\000a\000m\000S\000e\000r\000v\000i\000c\000e\000\040\000C\000l\000a\000s\000s\000\040\000R\000e\000f\000e\000r\000e\000n\000c\000e}{chapter.8}% 467
\BOOKMARK [2][-]{subsection.8.56.1}{\376\377\0008\000.\0005\0006\000.\0001\000\040\000D\000e\000t\000a\000i\000l\000e\000d\000\040\000D\000e\000s\000c\000r\000i\000p\000t\000i\000o\000n}{section.8.56}% 468
\BOOKMARK [2][-]{subsection.8.56.2}{\376\377\0008\000.\0005\0006\000.\0002\000\040\000C\000o\000n\000s\000t\000r\000u\000c\000t\000o\000r\000\040\000\046\000\040\000D\000e\000s\000t\000r\000u\000c\000t\000o\000r\000\040\000D\000o\000c\000u\000m\000e\000n\000t\000a\000t\000i\000o\000n}{section.8.56}% 469
\BOOKMARK [3][-]{subsubsection.8.56.2.1}{\376\377\0008\000.\0005\0006\000.\0002\000.\0001\000\040\000T\000e\000a\000m\000S\000e\000r\000v\000i\000c\000e\000\050\000\051}{subsection.8.56.2}% 470
\BOOKMARK [2][-]{subsection.8.56.3}{\376\377\0008\000.\0005\0006\000.\0003\000\040\000M\000e\000m\000b\000e\000r\000\040\000F\000u\000n\000c\000t\000i\000o\000n\000\040\000D\000o\000c\000u\000m\000e\000n\000t\000a\000t\000i\000o\000n}{section.8.56}% 471
\BOOKMARK [3][-]{subsubsection.8.56.3.1}{\376\377\0008\000.\0005\0006\000.\0003\000.\0001\000\040\000c\000r\000e\000a\000t\000e\000T\000e\000a\000m\000\050\000\051}{subsection.8.56.3}% 472
\BOOKMARK [3][-]{subsubsection.8.56.3.2}{\376\377\0008\000.\0005\0006\000.\0003\000.\0002\000\040\000d\000e\000l\000e\000t\000e\000T\000e\000a\000m\000\050\000\051}{subsection.8.56.3}% 473
\BOOKMARK [3][-]{subsubsection.8.56.3.3}{\376\377\0008\000.\0005\0006\000.\0003\000.\0003\000\040\000g\000e\000t\000A\000l\000l\000T\000e\000a\000m\000s\000\050\000\051}{subsection.8.56.3}% 474
\BOOKMARK [3][-]{subsubsection.8.56.3.4}{\376\377\0008\000.\0005\0006\000.\0003\000.\0004\000\040\000g\000e\000t\000T\000e\000a\000m\000B\000y\000I\000d\000\050\000\051}{subsection.8.56.3}% 475
\BOOKMARK [3][-]{subsubsection.8.56.3.5}{\376\377\0008\000.\0005\0006\000.\0003\000.\0005\000\040\000g\000e\000t\000T\000e\000a\000m\000s\000C\000o\000n\000t\000a\000i\000n\000i\000n\000g\000N\000a\000m\000e\000\050\000\051}{subsection.8.56.3}% 476
\BOOKMARK [3][-]{subsubsection.8.56.3.6}{\376\377\0008\000.\0005\0006\000.\0003\000.\0006\000\040\000u\000p\000d\000a\000t\000e\000T\000e\000a\000m\000\050\000\051}{subsection.8.56.3}% 477
\BOOKMARK [1][-]{section.8.57}{\376\377\0008\000.\0005\0007\000\040\000c\000o\000m\000.\000e\000x\000a\000m\000p\000l\000e\000.\000f\000o\000o\000t\000b\000a\000l\000l\000\137\000m\000a\000n\000a\000g\000e\000r\000.\000c\000o\000n\000t\000r\000o\000l\000l\000e\000r\000.\000T\000e\000a\000m\000V\000i\000e\000w\000C\000o\000n\000t\000r\000o\000l\000l\000e\000r\000\040\000C\000l\000a\000s\000s\000\040\000R\000e\000f\000e\000r\000e\000n\000c\000e}{chapter.8}% 478
\BOOKMARK [2][-]{subsection.8.57.1}{\376\377\0008\000.\0005\0007\000.\0001\000\040\000D\000e\000t\000a\000i\000l\000e\000d\000\040\000D\000e\000s\000c\000r\000i\000p\000t\000i\000o\000n}{section.8.57}% 479
\BOOKMARK [2][-]{subsection.8.57.2}{\376\377\0008\000.\0005\0007\000.\0002\000\040\000M\000e\000m\000b\000e\000r\000\040\000F\000u\000n\000c\000t\000i\000o\000n\000\040\000D\000o\000c\000u\000m\000e\000n\000t\000a\000t\000i\000o\000n}{section.8.57}% 480
\BOOKMARK [3][-]{subsubsection.8.57.2.1}{\376\377\0008\000.\0005\0007\000.\0002\000.\0001\000\040\000c\000r\000e\000a\000t\000e\000T\000e\000a\000m\000\050\000\051}{subsection.8.57.2}% 481
\BOOKMARK [3][-]{subsubsection.8.57.2.2}{\376\377\0008\000.\0005\0007\000.\0002\000.\0002\000\040\000d\000e\000l\000e\000t\000e\000T\000e\000a\000m\000\050\000\051}{subsection.8.57.2}% 482
\BOOKMARK [3][-]{subsubsection.8.57.2.3}{\376\377\0008\000.\0005\0007\000.\0002\000.\0003\000\040\000s\000h\000o\000w\000A\000d\000d\000T\000e\000a\000m\000F\000o\000r\000m\000\050\000\051}{subsection.8.57.2}% 483
\BOOKMARK [3][-]{subsubsection.8.57.2.4}{\376\377\0008\000.\0005\0007\000.\0002\000.\0004\000\040\000s\000h\000o\000w\000E\000d\000i\000t\000T\000e\000a\000m\000F\000o\000r\000m\000\050\000\051}{subsection.8.57.2}% 484
\BOOKMARK [3][-]{subsubsection.8.57.2.5}{\376\377\0008\000.\0005\0007\000.\0002\000.\0005\000\040\000t\000e\000a\000m\000D\000e\000t\000a\000i\000l\000s\000P\000a\000g\000e\000\050\000\051}{subsection.8.57.2}% 485
\BOOKMARK [3][-]{subsubsection.8.57.2.6}{\376\377\0008\000.\0005\0007\000.\0002\000.\0006\000\040\000t\000e\000a\000m\000s\000P\000a\000g\000e\000\050\000\051}{subsection.8.57.2}% 486
\BOOKMARK [3][-]{subsubsection.8.57.2.7}{\376\377\0008\000.\0005\0007\000.\0002\000.\0007\000\040\000u\000p\000d\000a\000t\000e\000T\000e\000a\000m\000\050\000\051}{subsection.8.57.2}% 487
\BOOKMARK [1][-]{section.8.58}{\376\377\0008\000.\0005\0008\000\040\000c\000o\000m\000.\000e\000x\000a\000m\000p\000l\000e\000.\000f\000o\000o\000t\000b\000a\000l\000l\000\137\000m\000a\000n\000a\000g\000e\000r\000.\000m\000o\000d\000e\000l\000.\000U\000s\000e\000r\000\040\000C\000l\000a\000s\000s\000\040\000R\000e\000f\000e\000r\000e\000n\000c\000e}{chapter.8}% 488
\BOOKMARK [2][-]{subsection.8.58.1}{\376\377\0008\000.\0005\0008\000.\0001\000\040\000D\000e\000t\000a\000i\000l\000e\000d\000\040\000D\000e\000s\000c\000r\000i\000p\000t\000i\000o\000n}{section.8.58}% 489
\BOOKMARK [1][-]{section.8.59}{\376\377\0008\000.\0005\0009\000\040\000c\000o\000m\000.\000e\000x\000a\000m\000p\000l\000e\000.\000f\000o\000o\000t\000b\000a\000l\000l\000\137\000m\000a\000n\000a\000g\000e\000r\000.\000r\000e\000p\000o\000s\000i\000t\000o\000r\000y\000.\000U\000s\000e\000r\000R\000e\000p\000o\000s\000i\000t\000o\000r\000y\000\040\000I\000n\000t\000e\000r\000f\000a\000c\000e\000\040\000R\000e\000f\000e\000r\000e\000n\000c\000e}{chapter.8}% 490
\BOOKMARK [2][-]{subsection.8.59.1}{\376\377\0008\000.\0005\0009\000.\0001\000\040\000D\000e\000t\000a\000i\000l\000e\000d\000\040\000D\000e\000s\000c\000r\000i\000p\000t\000i\000o\000n}{section.8.59}% 491
\BOOKMARK [2][-]{subsection.8.59.2}{\376\377\0008\000.\0005\0009\000.\0002\000\040\000M\000e\000m\000b\000e\000r\000\040\000F\000u\000n\000c\000t\000i\000o\000n\000\040\000D\000o\000c\000u\000m\000e\000n\000t\000a\000t\000i\000o\000n}{section.8.59}% 492
\BOOKMARK [3][-]{subsubsection.8.59.2.1}{\376\377\0008\000.\0005\0009\000.\0002\000.\0001\000\040\000e\000x\000i\000s\000t\000s\000B\000y\000E\000m\000a\000i\000l\000\050\000\051}{subsection.8.59.2}% 493
\BOOKMARK [3][-]{subsubsection.8.59.2.2}{\376\377\0008\000.\0005\0009\000.\0002\000.\0002\000\040\000e\000x\000i\000s\000t\000s\000B\000y\000E\000m\000a\000i\000l\000A\000n\000d\000I\000d\000N\000o\000t\000\050\000\051}{subsection.8.59.2}% 494
\BOOKMARK [3][-]{subsubsection.8.59.2.3}{\376\377\0008\000.\0005\0009\000.\0002\000.\0003\000\040\000e\000x\000i\000s\000t\000s\000B\000y\000U\000s\000e\000r\000n\000a\000m\000e\000\050\000\051}{subsection.8.59.2}% 495
\BOOKMARK [3][-]{subsubsection.8.59.2.4}{\376\377\0008\000.\0005\0009\000.\0002\000.\0004\000\040\000e\000x\000i\000s\000t\000s\000B\000y\000U\000s\000e\000r\000n\000a\000m\000e\000A\000n\000d\000I\000d\000N\000o\000t\000\050\000\051}{subsection.8.59.2}% 496
\BOOKMARK [3][-]{subsubsection.8.59.2.5}{\376\377\0008\000.\0005\0009\000.\0002\000.\0005\000\040\000f\000i\000n\000d\000B\000y\000E\000m\000a\000i\000l\000\050\000\051}{subsection.8.59.2}% 497
\BOOKMARK [3][-]{subsubsection.8.59.2.6}{\376\377\0008\000.\0005\0009\000.\0002\000.\0006\000\040\000f\000i\000n\000d\000B\000y\000U\000s\000e\000r\000n\000a\000m\000e\000\050\000\051}{subsection.8.59.2}% 498
\BOOKMARK [3][-]{subsubsection.8.59.2.7}{\376\377\0008\000.\0005\0009\000.\0002\000.\0007\000\040\000f\000i\000n\000d\000W\000i\000t\000h\000F\000a\000v\000o\000u\000r\000i\000t\000e\000T\000e\000a\000m\000s\000B\000y\000I\000d\000\050\000\051}{subsection.8.59.2}% 499
\BOOKMARK [1][-]{section.8.60}{\376\377\0008\000.\0006\0000\000\040\000c\000o\000m\000.\000e\000x\000a\000m\000p\000l\000e\000.\000f\000o\000o\000t\000b\000a\000l\000l\000\137\000m\000a\000n\000a\000g\000e\000r\000.\000s\000e\000r\000v\000i\000c\000e\000.\000U\000s\000e\000r\000S\000e\000r\000v\000i\000c\000e\000\040\000C\000l\000a\000s\000s\000\040\000R\000e\000f\000e\000r\000e\000n\000c\000e}{chapter.8}% 500
\BOOKMARK [2][-]{subsection.8.60.1}{\376\377\0008\000.\0006\0000\000.\0001\000\040\000D\000e\000t\000a\000i\000l\000e\000d\000\040\000D\000e\000s\000c\000r\000i\000p\000t\000i\000o\000n}{section.8.60}% 501
\BOOKMARK [2][-]{subsection.8.60.2}{\376\377\0008\000.\0006\0000\000.\0002\000\040\000M\000e\000m\000b\000e\000r\000\040\000F\000u\000n\000c\000t\000i\000o\000n\000\040\000D\000o\000c\000u\000m\000e\000n\000t\000a\000t\000i\000o\000n}{section.8.60}% 502
\BOOKMARK [3][-]{subsubsection.8.60.2.1}{\376\377\0008\000.\0006\0000\000.\0002\000.\0001\000\040\000a\000d\000d\000F\000a\000v\000o\000u\000r\000i\000t\000e\000T\000e\000a\000m\000\050\000\051}{subsection.8.60.2}% 503
\BOOKMARK [3][-]{subsubsection.8.60.2.2}{\376\377\0008\000.\0006\0000\000.\0002\000.\0002\000\040\000g\000e\000t\000F\000a\000v\000o\000u\000r\000i\000t\000e\000T\000e\000a\000m\000I\000d\000s\000B\000y\000U\000s\000e\000r\000I\000d\000\050\000\051}{subsection.8.60.2}% 504
\BOOKMARK [3][-]{subsubsection.8.60.2.3}{\376\377\0008\000.\0006\0000\000.\0002\000.\0003\000\040\000g\000e\000t\000U\000s\000e\000r\000B\000y\000I\000d\000\050\000\051}{subsection.8.60.2}% 505
\BOOKMARK [3][-]{subsubsection.8.60.2.4}{\376\377\0008\000.\0006\0000\000.\0002\000.\0004\000\040\000g\000e\000t\000U\000s\000e\000r\000B\000y\000U\000s\000e\000r\000n\000a\000m\000e\000\050\000\051}{subsection.8.60.2}% 506
\BOOKMARK [3][-]{subsubsection.8.60.2.5}{\376\377\0008\000.\0006\0000\000.\0002\000.\0005\000\040\000g\000e\000t\000U\000s\000e\000r\000P\000r\000o\000f\000i\000l\000e\000\050\000\051}{subsection.8.60.2}% 507
\BOOKMARK [3][-]{subsubsection.8.60.2.6}{\376\377\0008\000.\0006\0000\000.\0002\000.\0006\000\040\000l\000o\000g\000i\000n\000\050\000\051}{subsection.8.60.2}% 508
\BOOKMARK [3][-]{subsubsection.8.60.2.7}{\376\377\0008\000.\0006\0000\000.\0002\000.\0007\000\040\000r\000e\000g\000i\000s\000t\000e\000r\000U\000s\000e\000r\000\050\000\051}{subsection.8.60.2}% 509
\BOOKMARK [3][-]{subsubsection.8.60.2.8}{\376\377\0008\000.\0006\0000\000.\0002\000.\0008\000\040\000r\000e\000m\000o\000v\000e\000F\000a\000v\000o\000u\000r\000i\000t\000e\000T\000e\000a\000m\000\050\000\051}{subsection.8.60.2}% 510
\BOOKMARK [3][-]{subsubsection.8.60.2.9}{\376\377\0008\000.\0006\0000\000.\0002\000.\0009\000\040\000u\000p\000d\000a\000t\000e\000P\000r\000o\000f\000i\000l\000e\000\050\000\051}{subsection.8.60.2}% 511
\BOOKMARK [0][-]{chapter.9}{\376\377\0009\000\040\000F\000i\000l\000e\000\040\000D\000o\000c\000u\000m\000e\000n\000t\000a\000t\000i\000o\000n}{}% 512
\BOOKMARK [1][-]{section.9.1}{\376\377\0009\000.\0001\000\040\000d\000o\000c\000s\000/\000d\000o\000x\000y\000g\000e\000n\000\137\000m\000a\000i\000n\000p\000a\000g\000e\000.\000m\000d\000\040\000F\000i\000l\000e\000\040\000R\000e\000f\000e\000r\000e\000n\000c\000e}{chapter.9}% 513
\BOOKMARK [1][-]{section.9.2}{\376\377\0009\000.\0002\000\040\000F\000o\000o\000t\000b\000a\000l\000l\000\137\000M\000a\000n\000a\000g\000e\000r\000/\000s\000r\000c\000/\000m\000a\000i\000n\000/\000j\000a\000v\000a\000/\000c\000o\000m\000/\000e\000x\000a\000m\000p\000l\000e\000/\000f\000o\000o\000t\000b\000a\000l\000l\000\137\000m\000a\000n\000a\000g\000e\000r\000/\000c\000o\000n\000f\000i\000g\000/\000A\000d\000m\000i\000n\000S\000e\000c\000u\000r\000i\000t\000y\000F\000i\000l\000t\000e\000r\000.\000j\000a\000v\000a\000\040\000F\000i\000l\000e\000\040\000R\000e\000f\000e\000r\000e\000n\000c\000e}{chapter.9}% 514
\BOOKMARK [1][-]{section.9.3}{\376\377\0009\000.\0003\000\040\000A\000d\000m\000i\000n\000S\000e\000c\000u\000r\000i\000t\000y\000F\000i\000l\000t\000e\000r\000.\000j\000a\000v\000a}{chapter.9}% 515
\BOOKMARK [1][-]{section.9.4}{\376\377\0009\000.\0004\000\040\000F\000o\000o\000t\000b\000a\000l\000l\000\137\000M\000a\000n\000a\000g\000e\000r\000/\000s\000r\000c\000/\000m\000a\000i\000n\000/\000j\000a\000v\000a\000/\000c\000o\000m\000/\000e\000x\000a\000m\000p\000l\000e\000/\000f\000o\000o\000t\000b\000a\000l\000l\000\137\000m\000a\000n\000a\000g\000e\000r\000/\000c\000o\000n\000f\000i\000g\000/\000C\000a\000c\000h\000e\000C\000o\000n\000f\000i\000g\000.\000j\000a\000v\000a\000\040\000F\000i\000l\000e\000\040\000R\000e\000f\000e\000r\000e\000n\000c\000e}{chapter.9}% 516
\BOOKMARK [1][-]{section.9.5}{\376\377\0009\000.\0005\000\040\000C\000a\000c\000h\000e\000C\000o\000n\000f\000i\000g\000.\000j\000a\000v\000a}{chapter.9}% 517
\BOOKMARK [1][-]{section.9.6}{\376\377\0009\000.\0006\000\040\000F\000o\000o\000t\000b\000a\000l\000l\000\137\000M\000a\000n\000a\000g\000e\000r\000/\000s\000r\000c\000/\000m\000a\000i\000n\000/\000j\000a\000v\000a\000/\000c\000o\000m\000/\000e\000x\000a\000m\000p\000l\000e\000/\000f\000o\000o\000t\000b\000a\000l\000l\000\137\000m\000a\000n\000a\000g\000e\000r\000/\000c\000o\000n\000f\000i\000g\000/\000L\000o\000c\000a\000l\000e\000C\000o\000n\000f\000i\000g\000.\000j\000a\000v\000a\000\040\000F\000i\000l\000e\000\040\000R\000e\000f\000e\000r\000e\000n\000c\000e}{chapter.9}% 518
\BOOKMARK [1][-]{section.9.7}{\376\377\0009\000.\0007\000\040\000L\000o\000c\000a\000l\000e\000C\000o\000n\000f\000i\000g\000.\000j\000a\000v\000a}{chapter.9}% 519
\BOOKMARK [1][-]{section.9.8}{\376\377\0009\000.\0008\000\040\000F\000o\000o\000t\000b\000a\000l\000l\000\137\000M\000a\000n\000a\000g\000e\000r\000/\000s\000r\000c\000/\000m\000a\000i\000n\000/\000j\000a\000v\000a\000/\000c\000o\000m\000/\000e\000x\000a\000m\000p\000l\000e\000/\000f\000o\000o\000t\000b\000a\000l\000l\000\137\000m\000a\000n\000a\000g\000e\000r\000/\000c\000o\000n\000f\000i\000g\000/\000O\000p\000e\000n\000A\000p\000i\000C\000o\000n\000f\000i\000g\000.\000j\000a\000v\000a\000\040\000F\000i\000l\000e\000\040\000R\000e\000f\000e\000r\000e\000n\000c\000e}{chapter.9}% 520
\BOOKMARK [1][-]{section.9.9}{\376\377\0009\000.\0009\000\040\000O\000p\000e\000n\000A\000p\000i\000C\000o\000n\000f\000i\000g\000.\000j\000a\000v\000a}{chapter.9}% 521
\BOOKMARK [1][-]{section.9.10}{\376\377\0009\000.\0001\0000\000\040\000F\000o\000o\000t\000b\000a\000l\000l\000\137\000M\000a\000n\000a\000g\000e\000r\000/\000s\000r\000c\000/\000m\000a\000i\000n\000/\000j\000a\000v\000a\000/\000c\000o\000m\000/\000e\000x\000a\000m\000p\000l\000e\000/\000f\000o\000o\000t\000b\000a\000l\000l\000\137\000m\000a\000n\000a\000g\000e\000r\000/\000c\000o\000n\000f\000i\000g\000/\000S\000e\000c\000u\000r\000i\000t\000y\000C\000o\000n\000f\000i\000g\000.\000j\000a\000v\000a\000\040\000F\000i\000l\000e\000\040\000R\000e\000f\000e\000r\000e\000n\000c\000e}{chapter.9}% 522
\BOOKMARK [1][-]{section.9.11}{\376\377\0009\000.\0001\0001\000\040\000S\000e\000c\000u\000r\000i\000t\000y\000C\000o\000n\000f\000i\000g\000.\000j\000a\000v\000a}{chapter.9}% 523
\BOOKMARK [1][-]{section.9.12}{\376\377\0009\000.\0001\0002\000\040\000F\000o\000o\000t\000b\000a\000l\000l\000\137\000M\000a\000n\000a\000g\000e\000r\000/\000s\000r\000c\000/\000m\000a\000i\000n\000/\000j\000a\000v\000a\000/\000c\000o\000m\000/\000e\000x\000a\000m\000p\000l\000e\000/\000f\000o\000o\000t\000b\000a\000l\000l\000\137\000m\000a\000n\000a\000g\000e\000r\000/\000c\000o\000n\000t\000r\000o\000l\000l\000e\000r\000/\000A\000d\000m\000i\000n\000C\000o\000u\000n\000t\000r\000y\000V\000i\000e\000w\000C\000o\000n\000t\000r\000o\000l\000l\000e\000r\000.\000j\000a\000v\000a\000\040\000F\000i\000l\000e\000\040\000R\000e\000f\000e\000r\000e\000n\000c\000e}{chapter.9}% 524
\BOOKMARK [1][-]{section.9.13}{\376\377\0009\000.\0001\0003\000\040\000A\000d\000m\000i\000n\000C\000o\000u\000n\000t\000r\000y\000V\000i\000e\000w\000C\000o\000n\000t\000r\000o\000l\000l\000e\000r\000.\000j\000a\000v\000a}{chapter.9}% 525
\BOOKMARK [1][-]{section.9.14}{\376\377\0009\000.\0001\0004\000\040\000F\000o\000o\000t\000b\000a\000l\000l\000\137\000M\000a\000n\000a\000g\000e\000r\000/\000s\000r\000c\000/\000m\000a\000i\000n\000/\000j\000a\000v\000a\000/\000c\000o\000m\000/\000e\000x\000a\000m\000p\000l\000e\000/\000f\000o\000o\000t\000b\000a\000l\000l\000\137\000m\000a\000n\000a\000g\000e\000r\000/\000c\000o\000n\000t\000r\000o\000l\000l\000e\000r\000/\000A\000d\000m\000i\000n\000P\000l\000a\000y\000e\000r\000V\000i\000e\000w\000C\000o\000n\000t\000r\000o\000l\000l\000e\000r\000.\000j\000a\000v\000a\000\040\000F\000i\000l\000e\000\040\000R\000e\000f\000e\000r\000e\000n\000c\000e}{chapter.9}% 526
\BOOKMARK [1][-]{section.9.15}{\376\377\0009\000.\0001\0005\000\040\000A\000d\000m\000i\000n\000P\000l\000a\000y\000e\000r\000V\000i\000e\000w\000C\000o\000n\000t\000r\000o\000l\000l\000e\000r\000.\000j\000a\000v\000a}{chapter.9}% 527
\BOOKMARK [1][-]{section.9.16}{\376\377\0009\000.\0001\0006\000\040\000F\000o\000o\000t\000b\000a\000l\000l\000\137\000M\000a\000n\000a\000g\000e\000r\000/\000s\000r\000c\000/\000m\000a\000i\000n\000/\000j\000a\000v\000a\000/\000c\000o\000m\000/\000e\000x\000a\000m\000p\000l\000e\000/\000f\000o\000o\000t\000b\000a\000l\000l\000\137\000m\000a\000n\000a\000g\000e\000r\000/\000c\000o\000n\000t\000r\000o\000l\000l\000e\000r\000/\000A\000d\000m\000i\000n\000U\000s\000e\000r\000V\000i\000e\000w\000C\000o\000n\000t\000r\000o\000l\000l\000e\000r\000.\000j\000a\000v\000a\000\040\000F\000i\000l\000e\000\040\000R\000e\000f\000e\000r\000e\000n\000c\000e}{chapter.9}% 528
\BOOKMARK [1][-]{section.9.17}{\376\377\0009\000.\0001\0007\000\040\000A\000d\000m\000i\000n\000U\000s\000e\000r\000V\000i\000e\000w\000C\000o\000n\000t\000r\000o\000l\000l\000e\000r\000.\000j\000a\000v\000a}{chapter.9}% 529
\BOOKMARK [1][-]{section.9.18}{\376\377\0009\000.\0001\0008\000\040\000F\000o\000o\000t\000b\000a\000l\000l\000\137\000M\000a\000n\000a\000g\000e\000r\000/\000s\000r\000c\000/\000m\000a\000i\000n\000/\000j\000a\000v\000a\000/\000c\000o\000m\000/\000e\000x\000a\000m\000p\000l\000e\000/\000f\000o\000o\000t\000b\000a\000l\000l\000\137\000m\000a\000n\000a\000g\000e\000r\000/\000c\000o\000n\000t\000r\000o\000l\000l\000e\000r\000/\000A\000d\000m\000i\000n\000V\000i\000e\000w\000C\000o\000n\000t\000r\000o\000l\000l\000e\000r\000.\000j\000a\000v\000a\000\040\000F\000i\000l\000e\000\040\000R\000e\000f\000e\000r\000e\000n\000c\000e}{chapter.9}% 530
\BOOKMARK [1][-]{section.9.19}{\376\377\0009\000.\0001\0009\000\040\000A\000d\000m\000i\000n\000V\000i\000e\000w\000C\000o\000n\000t\000r\000o\000l\000l\000e\000r\000.\000j\000a\000v\000a}{chapter.9}% 531
\BOOKMARK [1][-]{section.9.20}{\376\377\0009\000.\0002\0000\000\040\000F\000o\000o\000t\000b\000a\000l\000l\000\137\000M\000a\000n\000a\000g\000e\000r\000/\000s\000r\000c\000/\000m\000a\000i\000n\000/\000j\000a\000v\000a\000/\000c\000o\000m\000/\000e\000x\000a\000m\000p\000l\000e\000/\000f\000o\000o\000t\000b\000a\000l\000l\000\137\000m\000a\000n\000a\000g\000e\000r\000/\000c\000o\000n\000t\000r\000o\000l\000l\000e\000r\000/\000A\000u\000t\000h\000C\000o\000n\000t\000r\000o\000l\000l\000e\000r\000.\000j\000a\000v\000a\000\040\000F\000i\000l\000e\000\040\000R\000e\000f\000e\000r\000e\000n\000c\000e}{chapter.9}% 532
\BOOKMARK [1][-]{section.9.21}{\376\377\0009\000.\0002\0001\000\040\000A\000u\000t\000h\000C\000o\000n\000t\000r\000o\000l\000l\000e\000r\000.\000j\000a\000v\000a}{chapter.9}% 533
\BOOKMARK [1][-]{section.9.22}{\376\377\0009\000.\0002\0002\000\040\000F\000o\000o\000t\000b\000a\000l\000l\000\137\000M\000a\000n\000a\000g\000e\000r\000/\000s\000r\000c\000/\000m\000a\000i\000n\000/\000j\000a\000v\000a\000/\000c\000o\000m\000/\000e\000x\000a\000m\000p\000l\000e\000/\000f\000o\000o\000t\000b\000a\000l\000l\000\137\000m\000a\000n\000a\000g\000e\000r\000/\000c\000o\000n\000t\000r\000o\000l\000l\000e\000r\000/\000A\000u\000t\000h\000V\000i\000e\000w\000C\000o\000n\000t\000r\000o\000l\000l\000e\000r\000.\000j\000a\000v\000a\000\040\000F\000i\000l\000e\000\040\000R\000e\000f\000e\000r\000e\000n\000c\000e}{chapter.9}% 534
\BOOKMARK [1][-]{section.9.23}{\376\377\0009\000.\0002\0003\000\040\000A\000u\000t\000h\000V\000i\000e\000w\000C\000o\000n\000t\000r\000o\000l\000l\000e\000r\000.\000j\000a\000v\000a}{chapter.9}% 535
\BOOKMARK [1][-]{section.9.24}{\376\377\0009\000.\0002\0004\000\040\000F\000o\000o\000t\000b\000a\000l\000l\000\137\000M\000a\000n\000a\000g\000e\000r\000/\000s\000r\000c\000/\000m\000a\000i\000n\000/\000j\000a\000v\000a\000/\000c\000o\000m\000/\000e\000x\000a\000m\000p\000l\000e\000/\000f\000o\000o\000t\000b\000a\000l\000l\000\137\000m\000a\000n\000a\000g\000e\000r\000/\000c\000o\000n\000t\000r\000o\000l\000l\000e\000r\000/\000C\000o\000m\000p\000e\000t\000i\000t\000i\000o\000n\000C\000o\000n\000t\000r\000o\000l\000l\000e\000r\000.\000j\000a\000v\000a\000\040\000F\000i\000l\000e\000\040\000R\000e\000f\000e\000r\000e\000n\000c\000e}{chapter.9}% 536
\BOOKMARK [1][-]{section.9.25}{\376\377\0009\000.\0002\0005\000\040\000C\000o\000m\000p\000e\000t\000i\000t\000i\000o\000n\000C\000o\000n\000t\000r\000o\000l\000l\000e\000r\000.\000j\000a\000v\000a}{chapter.9}% 537
\BOOKMARK [1][-]{section.9.26}{\376\377\0009\000.\0002\0006\000\040\000F\000o\000o\000t\000b\000a\000l\000l\000\137\000M\000a\000n\000a\000g\000e\000r\000/\000s\000r\000c\000/\000m\000a\000i\000n\000/\000j\000a\000v\000a\000/\000c\000o\000m\000/\000e\000x\000a\000m\000p\000l\000e\000/\000f\000o\000o\000t\000b\000a\000l\000l\000\137\000m\000a\000n\000a\000g\000e\000r\000/\000c\000o\000n\000t\000r\000o\000l\000l\000e\000r\000/\000C\000o\000u\000n\000t\000r\000y\000C\000o\000n\000t\000r\000o\000l\000l\000e\000r\000.\000j\000a\000v\000a\000\040\000F\000i\000l\000e\000\040\000R\000e\000f\000e\000r\000e\000n\000c\000e}{chapter.9}% 538
\BOOKMARK [1][-]{section.9.27}{\376\377\0009\000.\0002\0007\000\040\000C\000o\000u\000n\000t\000r\000y\000C\000o\000n\000t\000r\000o\000l\000l\000e\000r\000.\000j\000a\000v\000a}{chapter.9}% 539
\BOOKMARK [1][-]{section.9.28}{\376\377\0009\000.\0002\0008\000\040\000F\000o\000o\000t\000b\000a\000l\000l\000\137\000M\000a\000n\000a\000g\000e\000r\000/\000s\000r\000c\000/\000m\000a\000i\000n\000/\000j\000a\000v\000a\000/\000c\000o\000m\000/\000e\000x\000a\000m\000p\000l\000e\000/\000f\000o\000o\000t\000b\000a\000l\000l\000\137\000m\000a\000n\000a\000g\000e\000r\000/\000c\000o\000n\000t\000r\000o\000l\000l\000e\000r\000/\000F\000a\000v\000o\000u\000r\000i\000t\000e\000T\000e\000a\000m\000C\000o\000n\000t\000r\000o\000l\000l\000e\000r\000.\000j\000a\000v\000a\000\040\000F\000i\000l\000e\000\040\000R\000e\000f\000e\000r\000e\000n\000c\000e}{chapter.9}% 540
\BOOKMARK [1][-]{section.9.29}{\376\377\0009\000.\0002\0009\000\040\000F\000a\000v\000o\000u\000r\000i\000t\000e\000T\000e\000a\000m\000C\000o\000n\000t\000r\000o\000l\000l\000e\000r\000.\000j\000a\000v\000a}{chapter.9}% 541
\BOOKMARK [1][-]{section.9.30}{\376\377\0009\000.\0003\0000\000\040\000F\000o\000o\000t\000b\000a\000l\000l\000\137\000M\000a\000n\000a\000g\000e\000r\000/\000s\000r\000c\000/\000m\000a\000i\000n\000/\000j\000a\000v\000a\000/\000c\000o\000m\000/\000e\000x\000a\000m\000p\000l\000e\000/\000f\000o\000o\000t\000b\000a\000l\000l\000\137\000m\000a\000n\000a\000g\000e\000r\000/\000c\000o\000n\000t\000r\000o\000l\000l\000e\000r\000/\000G\000l\000o\000b\000a\000l\000M\000o\000d\000e\000l\000A\000t\000t\000r\000i\000b\000u\000t\000e\000s\000.\000j\000a\000v\000a\000\040\000F\000i\000l\000e\000\040\000R\000e\000f\000e\000r\000e\000n\000c\000e}{chapter.9}% 542
\BOOKMARK [1][-]{section.9.31}{\376\377\0009\000.\0003\0001\000\040\000G\000l\000o\000b\000a\000l\000M\000o\000d\000e\000l\000A\000t\000t\000r\000i\000b\000u\000t\000e\000s\000.\000j\000a\000v\000a}{chapter.9}% 543
\BOOKMARK [1][-]{section.9.32}{\376\377\0009\000.\0003\0002\000\040\000F\000o\000o\000t\000b\000a\000l\000l\000\137\000M\000a\000n\000a\000g\000e\000r\000/\000s\000r\000c\000/\000m\000a\000i\000n\000/\000j\000a\000v\000a\000/\000c\000o\000m\000/\000e\000x\000a\000m\000p\000l\000e\000/\000f\000o\000o\000t\000b\000a\000l\000l\000\137\000m\000a\000n\000a\000g\000e\000r\000/\000c\000o\000n\000t\000r\000o\000l\000l\000e\000r\000/\000M\000a\000t\000c\000h\000C\000o\000n\000t\000r\000o\000l\000l\000e\000r\000.\000j\000a\000v\000a\000\040\000F\000i\000l\000e\000\040\000R\000e\000f\000e\000r\000e\000n\000c\000e}{chapter.9}% 544
\BOOKMARK [1][-]{section.9.33}{\376\377\0009\000.\0003\0003\000\040\000M\000a\000t\000c\000h\000C\000o\000n\000t\000r\000o\000l\000l\000e\000r\000.\000j\000a\000v\000a}{chapter.9}% 545
\BOOKMARK [1][-]{section.9.34}{\376\377\0009\000.\0003\0004\000\040\000F\000o\000o\000t\000b\000a\000l\000l\000\137\000M\000a\000n\000a\000g\000e\000r\000/\000s\000r\000c\000/\000m\000a\000i\000n\000/\000j\000a\000v\000a\000/\000c\000o\000m\000/\000e\000x\000a\000m\000p\000l\000e\000/\000f\000o\000o\000t\000b\000a\000l\000l\000\137\000m\000a\000n\000a\000g\000e\000r\000/\000c\000o\000n\000t\000r\000o\000l\000l\000e\000r\000/\000M\000a\000t\000c\000h\000V\000i\000e\000w\000C\000o\000n\000t\000r\000o\000l\000l\000e\000r\000.\000j\000a\000v\000a\000\040\000F\000i\000l\000e\000\040\000R\000e\000f\000e\000r\000e\000n\000c\000e}{chapter.9}% 546
\BOOKMARK [1][-]{section.9.35}{\376\377\0009\000.\0003\0005\000\040\000M\000a\000t\000c\000h\000V\000i\000e\000w\000C\000o\000n\000t\000r\000o\000l\000l\000e\000r\000.\000j\000a\000v\000a}{chapter.9}% 547
\BOOKMARK [1][-]{section.9.36}{\376\377\0009\000.\0003\0006\000\040\000F\000o\000o\000t\000b\000a\000l\000l\000\137\000M\000a\000n\000a\000g\000e\000r\000/\000s\000r\000c\000/\000m\000a\000i\000n\000/\000j\000a\000v\000a\000/\000c\000o\000m\000/\000e\000x\000a\000m\000p\000l\000e\000/\000f\000o\000o\000t\000b\000a\000l\000l\000\137\000m\000a\000n\000a\000g\000e\000r\000/\000c\000o\000n\000t\000r\000o\000l\000l\000e\000r\000/\000P\000l\000a\000y\000e\000r\000C\000o\000n\000t\000r\000o\000l\000l\000e\000r\000.\000j\000a\000v\000a\000\040\000F\000i\000l\000e\000\040\000R\000e\000f\000e\000r\000e\000n\000c\000e}{chapter.9}% 548
\BOOKMARK [1][-]{section.9.37}{\376\377\0009\000.\0003\0007\000\040\000P\000l\000a\000y\000e\000r\000C\000o\000n\000t\000r\000o\000l\000l\000e\000r\000.\000j\000a\000v\000a}{chapter.9}% 549
\BOOKMARK [1][-]{section.9.38}{\376\377\0009\000.\0003\0008\000\040\000F\000o\000o\000t\000b\000a\000l\000l\000\137\000M\000a\000n\000a\000g\000e\000r\000/\000s\000r\000c\000/\000m\000a\000i\000n\000/\000j\000a\000v\000a\000/\000c\000o\000m\000/\000e\000x\000a\000m\000p\000l\000e\000/\000f\000o\000o\000t\000b\000a\000l\000l\000\137\000m\000a\000n\000a\000g\000e\000r\000/\000c\000o\000n\000t\000r\000o\000l\000l\000e\000r\000/\000P\000r\000o\000f\000i\000l\000e\000V\000i\000e\000w\000C\000o\000n\000t\000r\000o\000l\000l\000e\000r\000.\000j\000a\000v\000a\000\040\000F\000i\000l\000e\000\040\000R\000e\000f\000e\000r\000e\000n\000c\000e}{chapter.9}% 550
\BOOKMARK [1][-]{section.9.39}{\376\377\0009\000.\0003\0009\000\040\000P\000r\000o\000f\000i\000l\000e\000V\000i\000e\000w\000C\000o\000n\000t\000r\000o\000l\000l\000e\000r\000.\000j\000a\000v\000a}{chapter.9}% 551
\BOOKMARK [1][-]{section.9.40}{\376\377\0009\000.\0004\0000\000\040\000F\000o\000o\000t\000b\000a\000l\000l\000\137\000M\000a\000n\000a\000g\000e\000r\000/\000s\000r\000c\000/\000m\000a\000i\000n\000/\000j\000a\000v\000a\000/\000c\000o\000m\000/\000e\000x\000a\000m\000p\000l\000e\000/\000f\000o\000o\000t\000b\000a\000l\000l\000\137\000m\000a\000n\000a\000g\000e\000r\000/\000c\000o\000n\000t\000r\000o\000l\000l\000e\000r\000/\000S\000t\000a\000n\000d\000i\000n\000g\000s\000C\000o\000n\000t\000r\000o\000l\000l\000e\000r\000.\000j\000a\000v\000a\000\040\000F\000i\000l\000e\000\040\000R\000e\000f\000e\000r\000e\000n\000c\000e}{chapter.9}% 552
\BOOKMARK [1][-]{section.9.41}{\376\377\0009\000.\0004\0001\000\040\000S\000t\000a\000n\000d\000i\000n\000g\000s\000C\000o\000n\000t\000r\000o\000l\000l\000e\000r\000.\000j\000a\000v\000a}{chapter.9}% 553
\BOOKMARK [1][-]{section.9.42}{\376\377\0009\000.\0004\0002\000\040\000F\000o\000o\000t\000b\000a\000l\000l\000\137\000M\000a\000n\000a\000g\000e\000r\000/\000s\000r\000c\000/\000m\000a\000i\000n\000/\000j\000a\000v\000a\000/\000c\000o\000m\000/\000e\000x\000a\000m\000p\000l\000e\000/\000f\000o\000o\000t\000b\000a\000l\000l\000\137\000m\000a\000n\000a\000g\000e\000r\000/\000c\000o\000n\000t\000r\000o\000l\000l\000e\000r\000/\000S\000t\000a\000n\000d\000i\000n\000g\000s\000V\000i\000e\000w\000C\000o\000n\000t\000r\000o\000l\000l\000e\000r\000.\000j\000a\000v\000a\000\040\000F\000i\000l\000e\000\040\000R\000e\000f\000e\000r\000e\000n\000c\000e}{chapter.9}% 554
\BOOKMARK [1][-]{section.9.43}{\376\377\0009\000.\0004\0003\000\040\000S\000t\000a\000n\000d\000i\000n\000g\000s\000V\000i\000e\000w\000C\000o\000n\000t\000r\000o\000l\000l\000e\000r\000.\000j\000a\000v\000a}{chapter.9}% 555
\BOOKMARK [1][-]{section.9.44}{\376\377\0009\000.\0004\0004\000\040\000F\000o\000o\000t\000b\000a\000l\000l\000\137\000M\000a\000n\000a\000g\000e\000r\000/\000s\000r\000c\000/\000m\000a\000i\000n\000/\000j\000a\000v\000a\000/\000c\000o\000m\000/\000e\000x\000a\000m\000p\000l\000e\000/\000f\000o\000o\000t\000b\000a\000l\000l\000\137\000m\000a\000n\000a\000g\000e\000r\000/\000c\000o\000n\000t\000r\000o\000l\000l\000e\000r\000/\000T\000e\000a\000m\000C\000o\000n\000t\000r\000o\000l\000l\000e\000r\000.\000j\000a\000v\000a\000\040\000F\000i\000l\000e\000\040\000R\000e\000f\000e\000r\000e\000n\000c\000e}{chapter.9}% 556
\BOOKMARK [1][-]{section.9.45}{\376\377\0009\000.\0004\0005\000\040\000T\000e\000a\000m\000C\000o\000n\000t\000r\000o\000l\000l\000e\000r\000.\000j\000a\000v\000a}{chapter.9}% 557
\BOOKMARK [1][-]{section.9.46}{\376\377\0009\000.\0004\0006\000\040\000F\000o\000o\000t\000b\000a\000l\000l\000\137\000M\000a\000n\000a\000g\000e\000r\000/\000s\000r\000c\000/\000m\000a\000i\000n\000/\000j\000a\000v\000a\000/\000c\000o\000m\000/\000e\000x\000a\000m\000p\000l\000e\000/\000f\000o\000o\000t\000b\000a\000l\000l\000\137\000m\000a\000n\000a\000g\000e\000r\000/\000c\000o\000n\000t\000r\000o\000l\000l\000e\000r\000/\000T\000e\000a\000m\000V\000i\000e\000w\000C\000o\000n\000t\000r\000o\000l\000l\000e\000r\000.\000j\000a\000v\000a\000\040\000F\000i\000l\000e\000\040\000R\000e\000f\000e\000r\000e\000n\000c\000e}{chapter.9}% 558
\BOOKMARK [1][-]{section.9.47}{\376\377\0009\000.\0004\0007\000\040\000T\000e\000a\000m\000V\000i\000e\000w\000C\000o\000n\000t\000r\000o\000l\000l\000e\000r\000.\000j\000a\000v\000a}{chapter.9}% 559
\BOOKMARK [1][-]{section.9.48}{\376\377\0009\000.\0004\0008\000\040\000F\000o\000o\000t\000b\000a\000l\000l\000\137\000M\000a\000n\000a\000g\000e\000r\000/\000s\000r\000c\000/\000m\000a\000i\000n\000/\000j\000a\000v\000a\000/\000c\000o\000m\000/\000e\000x\000a\000m\000p\000l\000e\000/\000f\000o\000o\000t\000b\000a\000l\000l\000\137\000m\000a\000n\000a\000g\000e\000r\000/\000d\000t\000o\000/\000A\000u\000t\000h\000R\000e\000s\000p\000o\000n\000s\000e\000D\000T\000O\000.\000j\000a\000v\000a\000\040\000F\000i\000l\000e\000\040\000R\000e\000f\000e\000r\000e\000n\000c\000e}{chapter.9}% 560
\BOOKMARK [1][-]{section.9.49}{\376\377\0009\000.\0004\0009\000\040\000A\000u\000t\000h\000R\000e\000s\000p\000o\000n\000s\000e\000D\000T\000O\000.\000j\000a\000v\000a}{chapter.9}% 561
\BOOKMARK [1][-]{section.9.50}{\376\377\0009\000.\0005\0000\000\040\000F\000o\000o\000t\000b\000a\000l\000l\000\137\000M\000a\000n\000a\000g\000e\000r\000/\000s\000r\000c\000/\000m\000a\000i\000n\000/\000j\000a\000v\000a\000/\000c\000o\000m\000/\000e\000x\000a\000m\000p\000l\000e\000/\000f\000o\000o\000t\000b\000a\000l\000l\000\137\000m\000a\000n\000a\000g\000e\000r\000/\000d\000t\000o\000/\000C\000o\000m\000p\000e\000t\000i\000t\000i\000o\000n\000R\000e\000q\000u\000e\000s\000t\000D\000T\000O\000.\000j\000a\000v\000a\000\040\000F\000i\000l\000e\000\040\000R\000e\000f\000e\000r\000e\000n\000c\000e}{chapter.9}% 562
\BOOKMARK [1][-]{section.9.51}{\376\377\0009\000.\0005\0001\000\040\000C\000o\000m\000p\000e\000t\000i\000t\000i\000o\000n\000R\000e\000q\000u\000e\000s\000t\000D\000T\000O\000.\000j\000a\000v\000a}{chapter.9}% 563
\BOOKMARK [1][-]{section.9.52}{\376\377\0009\000.\0005\0002\000\040\000F\000o\000o\000t\000b\000a\000l\000l\000\137\000M\000a\000n\000a\000g\000e\000r\000/\000s\000r\000c\000/\000m\000a\000i\000n\000/\000j\000a\000v\000a\000/\000c\000o\000m\000/\000e\000x\000a\000m\000p\000l\000e\000/\000f\000o\000o\000t\000b\000a\000l\000l\000\137\000m\000a\000n\000a\000g\000e\000r\000/\000d\000t\000o\000/\000C\000o\000u\000n\000t\000r\000y\000R\000e\000q\000u\000e\000s\000t\000D\000T\000O\000.\000j\000a\000v\000a\000\040\000F\000i\000l\000e\000\040\000R\000e\000f\000e\000r\000e\000n\000c\000e}{chapter.9}% 564
\BOOKMARK [1][-]{section.9.53}{\376\377\0009\000.\0005\0003\000\040\000C\000o\000u\000n\000t\000r\000y\000R\000e\000q\000u\000e\000s\000t\000D\000T\000O\000.\000j\000a\000v\000a}{chapter.9}% 565
\BOOKMARK [1][-]{section.9.54}{\376\377\0009\000.\0005\0004\000\040\000F\000o\000o\000t\000b\000a\000l\000l\000\137\000M\000a\000n\000a\000g\000e\000r\000/\000s\000r\000c\000/\000m\000a\000i\000n\000/\000j\000a\000v\000a\000/\000c\000o\000m\000/\000e\000x\000a\000m\000p\000l\000e\000/\000f\000o\000o\000t\000b\000a\000l\000l\000\137\000m\000a\000n\000a\000g\000e\000r\000/\000d\000t\000o\000/\000L\000o\000g\000i\000n\000D\000T\000O\000.\000j\000a\000v\000a\000\040\000F\000i\000l\000e\000\040\000R\000e\000f\000e\000r\000e\000n\000c\000e}{chapter.9}% 566
\BOOKMARK [1][-]{section.9.55}{\376\377\0009\000.\0005\0005\000\040\000L\000o\000g\000i\000n\000D\000T\000O\000.\000j\000a\000v\000a}{chapter.9}% 567
\BOOKMARK [1][-]{section.9.56}{\376\377\0009\000.\0005\0006\000\040\000F\000o\000o\000t\000b\000a\000l\000l\000\137\000M\000a\000n\000a\000g\000e\000r\000/\000s\000r\000c\000/\000m\000a\000i\000n\000/\000j\000a\000v\000a\000/\000c\000o\000m\000/\000e\000x\000a\000m\000p\000l\000e\000/\000f\000o\000o\000t\000b\000a\000l\000l\000\137\000m\000a\000n\000a\000g\000e\000r\000/\000d\000t\000o\000/\000M\000a\000t\000c\000h\000R\000e\000q\000u\000e\000s\000t\000D\000T\000O\000.\000j\000a\000v\000a\000\040\000F\000i\000l\000e\000\040\000R\000e\000f\000e\000r\000e\000n\000c\000e}{chapter.9}% 568
\BOOKMARK [1][-]{section.9.57}{\376\377\0009\000.\0005\0007\000\040\000M\000a\000t\000c\000h\000R\000e\000q\000u\000e\000s\000t\000D\000T\000O\000.\000j\000a\000v\000a}{chapter.9}% 569
\BOOKMARK [1][-]{section.9.58}{\376\377\0009\000.\0005\0008\000\040\000F\000o\000o\000t\000b\000a\000l\000l\000\137\000M\000a\000n\000a\000g\000e\000r\000/\000s\000r\000c\000/\000m\000a\000i\000n\000/\000j\000a\000v\000a\000/\000c\000o\000m\000/\000e\000x\000a\000m\000p\000l\000e\000/\000f\000o\000o\000t\000b\000a\000l\000l\000\137\000m\000a\000n\000a\000g\000e\000r\000/\000d\000t\000o\000/\000M\000a\000t\000c\000h\000R\000e\000s\000u\000l\000t\000D\000T\000O\000.\000j\000a\000v\000a\000\040\000F\000i\000l\000e\000\040\000R\000e\000f\000e\000r\000e\000n\000c\000e}{chapter.9}% 570
\BOOKMARK [1][-]{section.9.59}{\376\377\0009\000.\0005\0009\000\040\000M\000a\000t\000c\000h\000R\000e\000s\000u\000l\000t\000D\000T\000O\000.\000j\000a\000v\000a}{chapter.9}% 571
\BOOKMARK [1][-]{section.9.60}{\376\377\0009\000.\0006\0000\000\040\000F\000o\000o\000t\000b\000a\000l\000l\000\137\000M\000a\000n\000a\000g\000e\000r\000/\000s\000r\000c\000/\000m\000a\000i\000n\000/\000j\000a\000v\000a\000/\000c\000o\000m\000/\000e\000x\000a\000m\000p\000l\000e\000/\000f\000o\000o\000t\000b\000a\000l\000l\000\137\000m\000a\000n\000a\000g\000e\000r\000/\000d\000t\000o\000/\000M\000a\000t\000c\000h\000R\000e\000s\000u\000l\000t\000R\000e\000q\000u\000e\000s\000t\000D\000T\000O\000.\000j\000a\000v\000a\000\040\000F\000i\000l\000e\000\040\000R\000e\000f\000e\000r\000e\000n\000c\000e}{chapter.9}% 572
\BOOKMARK [1][-]{section.9.61}{\376\377\0009\000.\0006\0001\000\040\000M\000a\000t\000c\000h\000R\000e\000s\000u\000l\000t\000R\000e\000q\000u\000e\000s\000t\000D\000T\000O\000.\000j\000a\000v\000a}{chapter.9}% 573
\BOOKMARK [1][-]{section.9.62}{\376\377\0009\000.\0006\0002\000\040\000F\000o\000o\000t\000b\000a\000l\000l\000\137\000M\000a\000n\000a\000g\000e\000r\000/\000s\000r\000c\000/\000m\000a\000i\000n\000/\000j\000a\000v\000a\000/\000c\000o\000m\000/\000e\000x\000a\000m\000p\000l\000e\000/\000f\000o\000o\000t\000b\000a\000l\000l\000\137\000m\000a\000n\000a\000g\000e\000r\000/\000d\000t\000o\000/\000P\000l\000a\000y\000e\000r\000B\000u\000l\000k\000R\000e\000q\000u\000e\000s\000t\000D\000T\000O\000.\000j\000a\000v\000a\000\040\000F\000i\000l\000e\000\040\000R\000e\000f\000e\000r\000e\000n\000c\000e}{chapter.9}% 574
\BOOKMARK [1][-]{section.9.63}{\376\377\0009\000.\0006\0003\000\040\000P\000l\000a\000y\000e\000r\000B\000u\000l\000k\000R\000e\000q\000u\000e\000s\000t\000D\000T\000O\000.\000j\000a\000v\000a}{chapter.9}% 575
\BOOKMARK [1][-]{section.9.64}{\376\377\0009\000.\0006\0004\000\040\000F\000o\000o\000t\000b\000a\000l\000l\000\137\000M\000a\000n\000a\000g\000e\000r\000/\000s\000r\000c\000/\000m\000a\000i\000n\000/\000j\000a\000v\000a\000/\000c\000o\000m\000/\000e\000x\000a\000m\000p\000l\000e\000/\000f\000o\000o\000t\000b\000a\000l\000l\000\137\000m\000a\000n\000a\000g\000e\000r\000/\000d\000t\000o\000/\000P\000l\000a\000y\000e\000r\000R\000e\000q\000u\000e\000s\000t\000D\000T\000O\000.\000j\000a\000v\000a\000\040\000F\000i\000l\000e\000\040\000R\000e\000f\000e\000r\000e\000n\000c\000e}{chapter.9}% 576
\BOOKMARK [1][-]{section.9.65}{\376\377\0009\000.\0006\0005\000\040\000P\000l\000a\000y\000e\000r\000R\000e\000q\000u\000e\000s\000t\000D\000T\000O\000.\000j\000a\000v\000a}{chapter.9}% 577
\BOOKMARK [1][-]{section.9.66}{\376\377\0009\000.\0006\0006\000\040\000F\000o\000o\000t\000b\000a\000l\000l\000\137\000M\000a\000n\000a\000g\000e\000r\000/\000s\000r\000c\000/\000m\000a\000i\000n\000/\000j\000a\000v\000a\000/\000c\000o\000m\000/\000e\000x\000a\000m\000p\000l\000e\000/\000f\000o\000o\000t\000b\000a\000l\000l\000\137\000m\000a\000n\000a\000g\000e\000r\000/\000d\000t\000o\000/\000P\000r\000o\000f\000i\000l\000e\000U\000p\000d\000a\000t\000e\000D\000T\000O\000.\000j\000a\000v\000a\000\040\000F\000i\000l\000e\000\040\000R\000e\000f\000e\000r\000e\000n\000c\000e}{chapter.9}% 578
\BOOKMARK [1][-]{section.9.67}{\376\377\0009\000.\0006\0007\000\040\000P\000r\000o\000f\000i\000l\000e\000U\000p\000d\000a\000t\000e\000D\000T\000O\000.\000j\000a\000v\000a}{chapter.9}% 579
\BOOKMARK [1][-]{section.9.68}{\376\377\0009\000.\0006\0008\000\040\000F\000o\000o\000t\000b\000a\000l\000l\000\137\000M\000a\000n\000a\000g\000e\000r\000/\000s\000r\000c\000/\000m\000a\000i\000n\000/\000j\000a\000v\000a\000/\000c\000o\000m\000/\000e\000x\000a\000m\000p\000l\000e\000/\000f\000o\000o\000t\000b\000a\000l\000l\000\137\000m\000a\000n\000a\000g\000e\000r\000/\000d\000t\000o\000/\000R\000e\000g\000i\000s\000t\000e\000r\000D\000T\000O\000.\000j\000a\000v\000a\000\040\000F\000i\000l\000e\000\040\000R\000e\000f\000e\000r\000e\000n\000c\000e}{chapter.9}% 580
\BOOKMARK [1][-]{section.9.69}{\376\377\0009\000.\0006\0009\000\040\000R\000e\000g\000i\000s\000t\000e\000r\000D\000T\000O\000.\000j\000a\000v\000a}{chapter.9}% 581
\BOOKMARK [1][-]{section.9.70}{\376\377\0009\000.\0007\0000\000\040\000F\000o\000o\000t\000b\000a\000l\000l\000\137\000M\000a\000n\000a\000g\000e\000r\000/\000s\000r\000c\000/\000m\000a\000i\000n\000/\000j\000a\000v\000a\000/\000c\000o\000m\000/\000e\000x\000a\000m\000p\000l\000e\000/\000f\000o\000o\000t\000b\000a\000l\000l\000\137\000m\000a\000n\000a\000g\000e\000r\000/\000d\000t\000o\000/\000S\000t\000a\000n\000d\000i\000n\000g\000D\000T\000O\000.\000j\000a\000v\000a\000\040\000F\000i\000l\000e\000\040\000R\000e\000f\000e\000r\000e\000n\000c\000e}{chapter.9}% 582
\BOOKMARK [1][-]{section.9.71}{\376\377\0009\000.\0007\0001\000\040\000S\000t\000a\000n\000d\000i\000n\000g\000D\000T\000O\000.\000j\000a\000v\000a}{chapter.9}% 583
\BOOKMARK [1][-]{section.9.72}{\376\377\0009\000.\0007\0002\000\040\000F\000o\000o\000t\000b\000a\000l\000l\000\137\000M\000a\000n\000a\000g\000e\000r\000/\000s\000r\000c\000/\000m\000a\000i\000n\000/\000j\000a\000v\000a\000/\000c\000o\000m\000/\000e\000x\000a\000m\000p\000l\000e\000/\000f\000o\000o\000t\000b\000a\000l\000l\000\137\000m\000a\000n\000a\000g\000e\000r\000/\000d\000t\000o\000/\000T\000e\000a\000m\000R\000e\000q\000u\000e\000s\000t\000D\000T\000O\000.\000j\000a\000v\000a\000\040\000F\000i\000l\000e\000\040\000R\000e\000f\000e\000r\000e\000n\000c\000e}{chapter.9}% 584
\BOOKMARK [1][-]{section.9.73}{\376\377\0009\000.\0007\0003\000\040\000T\000e\000a\000m\000R\000e\000q\000u\000e\000s\000t\000D\000T\000O\000.\000j\000a\000v\000a}{chapter.9}% 585
\BOOKMARK [1][-]{section.9.74}{\376\377\0009\000.\0007\0004\000\040\000F\000o\000o\000t\000b\000a\000l\000l\000\137\000M\000a\000n\000a\000g\000e\000r\000/\000s\000r\000c\000/\000m\000a\000i\000n\000/\000j\000a\000v\000a\000/\000c\000o\000m\000/\000e\000x\000a\000m\000p\000l\000e\000/\000f\000o\000o\000t\000b\000a\000l\000l\000\137\000m\000a\000n\000a\000g\000e\000r\000/\000F\000o\000o\000t\000b\000a\000l\000l\000M\000a\000n\000a\000g\000e\000r\000A\000p\000p\000l\000i\000c\000a\000t\000i\000o\000n\000.\000j\000a\000v\000a\000\040\000F\000i\000l\000e\000\040\000R\000e\000f\000e\000r\000e\000n\000c\000e}{chapter.9}% 586
\BOOKMARK [1][-]{section.9.75}{\376\377\0009\000.\0007\0005\000\040\000F\000o\000o\000t\000b\000a\000l\000l\000M\000a\000n\000a\000g\000e\000r\000A\000p\000p\000l\000i\000c\000a\000t\000i\000o\000n\000.\000j\000a\000v\000a}{chapter.9}% 587
\BOOKMARK [1][-]{section.9.76}{\376\377\0009\000.\0007\0006\000\040\000F\000o\000o\000t\000b\000a\000l\000l\000\137\000M\000a\000n\000a\000g\000e\000r\000/\000s\000r\000c\000/\000m\000a\000i\000n\000/\000j\000a\000v\000a\000/\000c\000o\000m\000/\000e\000x\000a\000m\000p\000l\000e\000/\000f\000o\000o\000t\000b\000a\000l\000l\000\137\000m\000a\000n\000a\000g\000e\000r\000/\000m\000o\000d\000e\000l\000/\000C\000o\000m\000p\000e\000t\000i\000t\000i\000o\000n\000.\000j\000a\000v\000a\000\040\000F\000i\000l\000e\000\040\000R\000e\000f\000e\000r\000e\000n\000c\000e}{chapter.9}% 588
\BOOKMARK [1][-]{section.9.77}{\376\377\0009\000.\0007\0007\000\040\000C\000o\000m\000p\000e\000t\000i\000t\000i\000o\000n\000.\000j\000a\000v\000a}{chapter.9}% 589
\BOOKMARK [1][-]{section.9.78}{\376\377\0009\000.\0007\0008\000\040\000F\000o\000o\000t\000b\000a\000l\000l\000\137\000M\000a\000n\000a\000g\000e\000r\000/\000s\000r\000c\000/\000m\000a\000i\000n\000/\000j\000a\000v\000a\000/\000c\000o\000m\000/\000e\000x\000a\000m\000p\000l\000e\000/\000f\000o\000o\000t\000b\000a\000l\000l\000\137\000m\000a\000n\000a\000g\000e\000r\000/\000m\000o\000d\000e\000l\000/\000C\000o\000u\000n\000t\000r\000y\000.\000j\000a\000v\000a\000\040\000F\000i\000l\000e\000\040\000R\000e\000f\000e\000r\000e\000n\000c\000e}{chapter.9}% 590
\BOOKMARK [1][-]{section.9.79}{\376\377\0009\000.\0007\0009\000\040\000C\000o\000u\000n\000t\000r\000y\000.\000j\000a\000v\000a}{chapter.9}% 591
\BOOKMARK [1][-]{section.9.80}{\376\377\0009\000.\0008\0000\000\040\000F\000o\000o\000t\000b\000a\000l\000l\000\137\000M\000a\000n\000a\000g\000e\000r\000/\000s\000r\000c\000/\000m\000a\000i\000n\000/\000j\000a\000v\000a\000/\000c\000o\000m\000/\000e\000x\000a\000m\000p\000l\000e\000/\000f\000o\000o\000t\000b\000a\000l\000l\000\137\000m\000a\000n\000a\000g\000e\000r\000/\000m\000o\000d\000e\000l\000/\000M\000a\000t\000c\000h\000.\000j\000a\000v\000a\000\040\000F\000i\000l\000e\000\040\000R\000e\000f\000e\000r\000e\000n\000c\000e}{chapter.9}% 592
\BOOKMARK [1][-]{section.9.81}{\376\377\0009\000.\0008\0001\000\040\000M\000a\000t\000c\000h\000.\000j\000a\000v\000a}{chapter.9}% 593
\BOOKMARK [1][-]{section.9.82}{\376\377\0009\000.\0008\0002\000\040\000F\000o\000o\000t\000b\000a\000l\000l\000\137\000M\000a\000n\000a\000g\000e\000r\000/\000s\000r\000c\000/\000m\000a\000i\000n\000/\000j\000a\000v\000a\000/\000c\000o\000m\000/\000e\000x\000a\000m\000p\000l\000e\000/\000f\000o\000o\000t\000b\000a\000l\000l\000\137\000m\000a\000n\000a\000g\000e\000r\000/\000m\000o\000d\000e\000l\000/\000M\000a\000t\000c\000h\000G\000o\000a\000l\000.\000j\000a\000v\000a\000\040\000F\000i\000l\000e\000\040\000R\000e\000f\000e\000r\000e\000n\000c\000e}{chapter.9}% 594
\BOOKMARK [1][-]{section.9.83}{\376\377\0009\000.\0008\0003\000\040\000M\000a\000t\000c\000h\000G\000o\000a\000l\000.\000j\000a\000v\000a}{chapter.9}% 595
\BOOKMARK [1][-]{section.9.84}{\376\377\0009\000.\0008\0004\000\040\000F\000o\000o\000t\000b\000a\000l\000l\000\137\000M\000a\000n\000a\000g\000e\000r\000/\000s\000r\000c\000/\000m\000a\000i\000n\000/\000j\000a\000v\000a\000/\000c\000o\000m\000/\000e\000x\000a\000m\000p\000l\000e\000/\000f\000o\000o\000t\000b\000a\000l\000l\000\137\000m\000a\000n\000a\000g\000e\000r\000/\000m\000o\000d\000e\000l\000/\000P\000l\000a\000y\000e\000r\000.\000j\000a\000v\000a\000\040\000F\000i\000l\000e\000\040\000R\000e\000f\000e\000r\000e\000n\000c\000e}{chapter.9}% 596
\BOOKMARK [1][-]{section.9.85}{\376\377\0009\000.\0008\0005\000\040\000P\000l\000a\000y\000e\000r\000.\000j\000a\000v\000a}{chapter.9}% 597
\BOOKMARK [1][-]{section.9.86}{\376\377\0009\000.\0008\0006\000\040\000F\000o\000o\000t\000b\000a\000l\000l\000\137\000M\000a\000n\000a\000g\000e\000r\000/\000s\000r\000c\000/\000m\000a\000i\000n\000/\000j\000a\000v\000a\000/\000c\000o\000m\000/\000e\000x\000a\000m\000p\000l\000e\000/\000f\000o\000o\000t\000b\000a\000l\000l\000\137\000m\000a\000n\000a\000g\000e\000r\000/\000m\000o\000d\000e\000l\000/\000P\000l\000a\000y\000e\000r\000P\000o\000s\000i\000t\000i\000o\000n\000.\000j\000a\000v\000a\000\040\000F\000i\000l\000e\000\040\000R\000e\000f\000e\000r\000e\000n\000c\000e}{chapter.9}% 598
\BOOKMARK [1][-]{section.9.87}{\376\377\0009\000.\0008\0007\000\040\000P\000l\000a\000y\000e\000r\000P\000o\000s\000i\000t\000i\000o\000n\000.\000j\000a\000v\000a}{chapter.9}% 599
\BOOKMARK [1][-]{section.9.88}{\376\377\0009\000.\0008\0008\000\040\000F\000o\000o\000t\000b\000a\000l\000l\000\137\000M\000a\000n\000a\000g\000e\000r\000/\000s\000r\000c\000/\000m\000a\000i\000n\000/\000j\000a\000v\000a\000/\000c\000o\000m\000/\000e\000x\000a\000m\000p\000l\000e\000/\000f\000o\000o\000t\000b\000a\000l\000l\000\137\000m\000a\000n\000a\000g\000e\000r\000/\000m\000o\000d\000e\000l\000/\000T\000e\000a\000m\000.\000j\000a\000v\000a\000\040\000F\000i\000l\000e\000\040\000R\000e\000f\000e\000r\000e\000n\000c\000e}{chapter.9}% 600
\BOOKMARK [1][-]{section.9.89}{\376\377\0009\000.\0008\0009\000\040\000T\000e\000a\000m\000.\000j\000a\000v\000a}{chapter.9}% 601
\BOOKMARK [1][-]{section.9.90}{\376\377\0009\000.\0009\0000\000\040\000F\000o\000o\000t\000b\000a\000l\000l\000\137\000M\000a\000n\000a\000g\000e\000r\000/\000s\000r\000c\000/\000m\000a\000i\000n\000/\000j\000a\000v\000a\000/\000c\000o\000m\000/\000e\000x\000a\000m\000p\000l\000e\000/\000f\000o\000o\000t\000b\000a\000l\000l\000\137\000m\000a\000n\000a\000g\000e\000r\000/\000m\000o\000d\000e\000l\000/\000U\000s\000e\000r\000.\000j\000a\000v\000a\000\040\000F\000i\000l\000e\000\040\000R\000e\000f\000e\000r\000e\000n\000c\000e}{chapter.9}% 602
\BOOKMARK [1][-]{section.9.91}{\376\377\0009\000.\0009\0001\000\040\000U\000s\000e\000r\000.\000j\000a\000v\000a}{chapter.9}% 603
\BOOKMARK [1][-]{section.9.92}{\376\377\0009\000.\0009\0002\000\040\000F\000o\000o\000t\000b\000a\000l\000l\000\137\000M\000a\000n\000a\000g\000e\000r\000/\000s\000r\000c\000/\000m\000a\000i\000n\000/\000j\000a\000v\000a\000/\000c\000o\000m\000/\000e\000x\000a\000m\000p\000l\000e\000/\000f\000o\000o\000t\000b\000a\000l\000l\000\137\000m\000a\000n\000a\000g\000e\000r\000/\000r\000e\000p\000o\000s\000i\000t\000o\000r\000y\000/\000C\000o\000m\000p\000e\000t\000i\000t\000i\000o\000n\000R\000e\000p\000o\000s\000i\000t\000o\000r\000y\000.\000j\000a\000v\000a\000\040\000F\000i\000l\000e\000\040\000R\000e\000f\000e\000r\000e\000n\000c\000e}{chapter.9}% 604
\BOOKMARK [1][-]{section.9.93}{\376\377\0009\000.\0009\0003\000\040\000C\000o\000m\000p\000e\000t\000i\000t\000i\000o\000n\000R\000e\000p\000o\000s\000i\000t\000o\000r\000y\000.\000j\000a\000v\000a}{chapter.9}% 605
\BOOKMARK [1][-]{section.9.94}{\376\377\0009\000.\0009\0004\000\040\000F\000o\000o\000t\000b\000a\000l\000l\000\137\000M\000a\000n\000a\000g\000e\000r\000/\000s\000r\000c\000/\000m\000a\000i\000n\000/\000j\000a\000v\000a\000/\000c\000o\000m\000/\000e\000x\000a\000m\000p\000l\000e\000/\000f\000o\000o\000t\000b\000a\000l\000l\000\137\000m\000a\000n\000a\000g\000e\000r\000/\000r\000e\000p\000o\000s\000i\000t\000o\000r\000y\000/\000C\000o\000u\000n\000t\000r\000y\000R\000e\000p\000o\000s\000i\000t\000o\000r\000y\000.\000j\000a\000v\000a\000\040\000F\000i\000l\000e\000\040\000R\000e\000f\000e\000r\000e\000n\000c\000e}{chapter.9}% 606
\BOOKMARK [1][-]{section.9.95}{\376\377\0009\000.\0009\0005\000\040\000C\000o\000u\000n\000t\000r\000y\000R\000e\000p\000o\000s\000i\000t\000o\000r\000y\000.\000j\000a\000v\000a}{chapter.9}% 607
\BOOKMARK [1][-]{section.9.96}{\376\377\0009\000.\0009\0006\000\040\000F\000o\000o\000t\000b\000a\000l\000l\000\137\000M\000a\000n\000a\000g\000e\000r\000/\000s\000r\000c\000/\000m\000a\000i\000n\000/\000j\000a\000v\000a\000/\000c\000o\000m\000/\000e\000x\000a\000m\000p\000l\000e\000/\000f\000o\000o\000t\000b\000a\000l\000l\000\137\000m\000a\000n\000a\000g\000e\000r\000/\000r\000e\000p\000o\000s\000i\000t\000o\000r\000y\000/\000M\000a\000t\000c\000h\000G\000o\000a\000l\000R\000e\000p\000o\000s\000i\000t\000o\000r\000y\000.\000j\000a\000v\000a\000\040\000F\000i\000l\000e\000\040\000R\000e\000f\000e\000r\000e\000n\000c\000e}{chapter.9}% 608
\BOOKMARK [1][-]{section.9.97}{\376\377\0009\000.\0009\0007\000\040\000M\000a\000t\000c\000h\000G\000o\000a\000l\000R\000e\000p\000o\000s\000i\000t\000o\000r\000y\000.\000j\000a\000v\000a}{chapter.9}% 609
\BOOKMARK [1][-]{section.9.98}{\376\377\0009\000.\0009\0008\000\040\000F\000o\000o\000t\000b\000a\000l\000l\000\137\000M\000a\000n\000a\000g\000e\000r\000/\000s\000r\000c\000/\000m\000a\000i\000n\000/\000j\000a\000v\000a\000/\000c\000o\000m\000/\000e\000x\000a\000m\000p\000l\000e\000/\000f\000o\000o\000t\000b\000a\000l\000l\000\137\000m\000a\000n\000a\000g\000e\000r\000/\000r\000e\000p\000o\000s\000i\000t\000o\000r\000y\000/\000M\000a\000t\000c\000h\000R\000e\000p\000o\000s\000i\000t\000o\000r\000y\000.\000j\000a\000v\000a\000\040\000F\000i\000l\000e\000\040\000R\000e\000f\000e\000r\000e\000n\000c\000e}{chapter.9}% 610
\BOOKMARK [1][-]{section.9.99}{\376\377\0009\000.\0009\0009\000\040\000M\000a\000t\000c\000h\000R\000e\000p\000o\000s\000i\000t\000o\000r\000y\000.\000j\000a\000v\000a}{chapter.9}% 611
\BOOKMARK [1][-]{section.9.100}{\376\377\0009\000.\0001\0000\0000\000\040\000F\000o\000o\000t\000b\000a\000l\000l\000\137\000M\000a\000n\000a\000g\000e\000r\000/\000s\000r\000c\000/\000m\000a\000i\000n\000/\000j\000a\000v\000a\000/\000c\000o\000m\000/\000e\000x\000a\000m\000p\000l\000e\000/\000f\000o\000o\000t\000b\000a\000l\000l\000\137\000m\000a\000n\000a\000g\000e\000r\000/\000r\000e\000p\000o\000s\000i\000t\000o\000r\000y\000/\000P\000l\000a\000y\000e\000r\000R\000e\000p\000o\000s\000i\000t\000o\000r\000y\000.\000j\000a\000v\000a\000\040\000F\000i\000l\000e\000\040\000R\000e\000f\000e\000r\000e\000n\000c\000e}{chapter.9}% 612
\BOOKMARK [1][-]{section.9.101}{\376\377\0009\000.\0001\0000\0001\000\040\000P\000l\000a\000y\000e\000r\000R\000e\000p\000o\000s\000i\000t\000o\000r\000y\000.\000j\000a\000v\000a}{chapter.9}% 613
\BOOKMARK [1][-]{section.9.102}{\376\377\0009\000.\0001\0000\0002\000\040\000F\000o\000o\000t\000b\000a\000l\000l\000\137\000M\000a\000n\000a\000g\000e\000r\000/\000s\000r\000c\000/\000m\000a\000i\000n\000/\000j\000a\000v\000a\000/\000c\000o\000m\000/\000e\000x\000a\000m\000p\000l\000e\000/\000f\000o\000o\000t\000b\000a\000l\000l\000\137\000m\000a\000n\000a\000g\000e\000r\000/\000r\000e\000p\000o\000s\000i\000t\000o\000r\000y\000/\000T\000e\000a\000m\000R\000e\000p\000o\000s\000i\000t\000o\000r\000y\000.\000j\000a\000v\000a\000\040\000F\000i\000l\000e\000\040\000R\000e\000f\000e\000r\000e\000n\000c\000e}{chapter.9}% 614
\BOOKMARK [1][-]{section.9.103}{\376\377\0009\000.\0001\0000\0003\000\040\000T\000e\000a\000m\000R\000e\000p\000o\000s\000i\000t\000o\000r\000y\000.\000j\000a\000v\000a}{chapter.9}% 615
\BOOKMARK [1][-]{section.9.104}{\376\377\0009\000.\0001\0000\0004\000\040\000F\000o\000o\000t\000b\000a\000l\000l\000\137\000M\000a\000n\000a\000g\000e\000r\000/\000s\000r\000c\000/\000m\000a\000i\000n\000/\000j\000a\000v\000a\000/\000c\000o\000m\000/\000e\000x\000a\000m\000p\000l\000e\000/\000f\000o\000o\000t\000b\000a\000l\000l\000\137\000m\000a\000n\000a\000g\000e\000r\000/\000r\000e\000p\000o\000s\000i\000t\000o\000r\000y\000/\000U\000s\000e\000r\000R\000e\000p\000o\000s\000i\000t\000o\000r\000y\000.\000j\000a\000v\000a\000\040\000F\000i\000l\000e\000\040\000R\000e\000f\000e\000r\000e\000n\000c\000e}{chapter.9}% 616
\BOOKMARK [1][-]{section.9.105}{\376\377\0009\000.\0001\0000\0005\000\040\000U\000s\000e\000r\000R\000e\000p\000o\000s\000i\000t\000o\000r\000y\000.\000j\000a\000v\000a}{chapter.9}% 617
\BOOKMARK [1][-]{section.9.106}{\376\377\0009\000.\0001\0000\0006\000\040\000F\000o\000o\000t\000b\000a\000l\000l\000\137\000M\000a\000n\000a\000g\000e\000r\000/\000s\000r\000c\000/\000m\000a\000i\000n\000/\000j\000a\000v\000a\000/\000c\000o\000m\000/\000e\000x\000a\000m\000p\000l\000e\000/\000f\000o\000o\000t\000b\000a\000l\000l\000\137\000m\000a\000n\000a\000g\000e\000r\000/\000s\000e\000r\000v\000i\000c\000e\000/\000C\000o\000m\000p\000e\000t\000i\000t\000i\000o\000n\000S\000e\000r\000v\000i\000c\000e\000.\000j\000a\000v\000a\000\040\000F\000i\000l\000e\000\040\000R\000e\000f\000e\000r\000e\000n\000c\000e}{chapter.9}% 618
\BOOKMARK [1][-]{section.9.107}{\376\377\0009\000.\0001\0000\0007\000\040\000C\000o\000m\000p\000e\000t\000i\000t\000i\000o\000n\000S\000e\000r\000v\000i\000c\000e\000.\000j\000a\000v\000a}{chapter.9}% 619
\BOOKMARK [1][-]{section.9.108}{\376\377\0009\000.\0001\0000\0008\000\040\000F\000o\000o\000t\000b\000a\000l\000l\000\137\000M\000a\000n\000a\000g\000e\000r\000/\000s\000r\000c\000/\000m\000a\000i\000n\000/\000j\000a\000v\000a\000/\000c\000o\000m\000/\000e\000x\000a\000m\000p\000l\000e\000/\000f\000o\000o\000t\000b\000a\000l\000l\000\137\000m\000a\000n\000a\000g\000e\000r\000/\000s\000e\000r\000v\000i\000c\000e\000/\000C\000o\000u\000n\000t\000r\000y\000S\000e\000r\000v\000i\000c\000e\000.\000j\000a\000v\000a\000\040\000F\000i\000l\000e\000\040\000R\000e\000f\000e\000r\000e\000n\000c\000e}{chapter.9}% 620
\BOOKMARK [1][-]{section.9.109}{\376\377\0009\000.\0001\0000\0009\000\040\000C\000o\000u\000n\000t\000r\000y\000S\000e\000r\000v\000i\000c\000e\000.\000j\000a\000v\000a}{chapter.9}% 621
\BOOKMARK [1][-]{section.9.110}{\376\377\0009\000.\0001\0001\0000\000\040\000F\000o\000o\000t\000b\000a\000l\000l\000\137\000M\000a\000n\000a\000g\000e\000r\000/\000s\000r\000c\000/\000m\000a\000i\000n\000/\000j\000a\000v\000a\000/\000c\000o\000m\000/\000e\000x\000a\000m\000p\000l\000e\000/\000f\000o\000o\000t\000b\000a\000l\000l\000\137\000m\000a\000n\000a\000g\000e\000r\000/\000s\000e\000r\000v\000i\000c\000e\000/\000M\000a\000t\000c\000h\000S\000e\000r\000v\000i\000c\000e\000.\000j\000a\000v\000a\000\040\000F\000i\000l\000e\000\040\000R\000e\000f\000e\000r\000e\000n\000c\000e}{chapter.9}% 622
\BOOKMARK [1][-]{section.9.111}{\376\377\0009\000.\0001\0001\0001\000\040\000M\000a\000t\000c\000h\000S\000e\000r\000v\000i\000c\000e\000.\000j\000a\000v\000a}{chapter.9}% 623
\BOOKMARK [1][-]{section.9.112}{\376\377\0009\000.\0001\0001\0002\000\040\000F\000o\000o\000t\000b\000a\000l\000l\000\137\000M\000a\000n\000a\000g\000e\000r\000/\000s\000r\000c\000/\000m\000a\000i\000n\000/\000j\000a\000v\000a\000/\000c\000o\000m\000/\000e\000x\000a\000m\000p\000l\000e\000/\000f\000o\000o\000t\000b\000a\000l\000l\000\137\000m\000a\000n\000a\000g\000e\000r\000/\000s\000e\000r\000v\000i\000c\000e\000/\000P\000l\000a\000y\000e\000r\000S\000e\000r\000v\000i\000c\000e\000.\000j\000a\000v\000a\000\040\000F\000i\000l\000e\000\040\000R\000e\000f\000e\000r\000e\000n\000c\000e}{chapter.9}% 624
\BOOKMARK [1][-]{section.9.113}{\376\377\0009\000.\0001\0001\0003\000\040\000P\000l\000a\000y\000e\000r\000S\000e\000r\000v\000i\000c\000e\000.\000j\000a\000v\000a}{chapter.9}% 625
\BOOKMARK [1][-]{section.9.114}{\376\377\0009\000.\0001\0001\0004\000\040\000F\000o\000o\000t\000b\000a\000l\000l\000\137\000M\000a\000n\000a\000g\000e\000r\000/\000s\000r\000c\000/\000m\000a\000i\000n\000/\000j\000a\000v\000a\000/\000c\000o\000m\000/\000e\000x\000a\000m\000p\000l\000e\000/\000f\000o\000o\000t\000b\000a\000l\000l\000\137\000m\000a\000n\000a\000g\000e\000r\000/\000s\000e\000r\000v\000i\000c\000e\000/\000S\000t\000a\000n\000d\000i\000n\000g\000s\000S\000e\000r\000v\000i\000c\000e\000.\000j\000a\000v\000a\000\040\000F\000i\000l\000e\000\040\000R\000e\000f\000e\000r\000e\000n\000c\000e}{chapter.9}% 626
\BOOKMARK [1][-]{section.9.115}{\376\377\0009\000.\0001\0001\0005\000\040\000S\000t\000a\000n\000d\000i\000n\000g\000s\000S\000e\000r\000v\000i\000c\000e\000.\000j\000a\000v\000a}{chapter.9}% 627
\BOOKMARK [1][-]{section.9.116}{\376\377\0009\000.\0001\0001\0006\000\040\000F\000o\000o\000t\000b\000a\000l\000l\000\137\000M\000a\000n\000a\000g\000e\000r\000/\000s\000r\000c\000/\000m\000a\000i\000n\000/\000j\000a\000v\000a\000/\000c\000o\000m\000/\000e\000x\000a\000m\000p\000l\000e\000/\000f\000o\000o\000t\000b\000a\000l\000l\000\137\000m\000a\000n\000a\000g\000e\000r\000/\000s\000e\000r\000v\000i\000c\000e\000/\000T\000e\000a\000m\000S\000e\000r\000v\000i\000c\000e\000.\000j\000a\000v\000a\000\040\000F\000i\000l\000e\000\040\000R\000e\000f\000e\000r\000e\000n\000c\000e}{chapter.9}% 628
\BOOKMARK [1][-]{section.9.117}{\376\377\0009\000.\0001\0001\0007\000\040\000T\000e\000a\000m\000S\000e\000r\000v\000i\000c\000e\000.\000j\000a\000v\000a}{chapter.9}% 629
\BOOKMARK [1][-]{section.9.118}{\376\377\0009\000.\0001\0001\0008\000\040\000F\000o\000o\000t\000b\000a\000l\000l\000\137\000M\000a\000n\000a\000g\000e\000r\000/\000s\000r\000c\000/\000m\000a\000i\000n\000/\000j\000a\000v\000a\000/\000c\000o\000m\000/\000e\000x\000a\000m\000p\000l\000e\000/\000f\000o\000o\000t\000b\000a\000l\000l\000\137\000m\000a\000n\000a\000g\000e\000r\000/\000s\000e\000r\000v\000i\000c\000e\000/\000U\000s\000e\000r\000S\000e\000r\000v\000i\000c\000e\000.\000j\000a\000v\000a\000\040\000F\000i\000l\000e\000\040\000R\000e\000f\000e\000r\000e\000n\000c\000e}{chapter.9}% 630
\BOOKMARK [1][-]{section.9.119}{\376\377\0009\000.\0001\0001\0009\000\040\000U\000s\000e\000r\000S\000e\000r\000v\000i\000c\000e\000.\000j\000a\000v\000a}{chapter.9}% 631
\BOOKMARK [1][-]{section.9.120}{\376\377\0009\000.\0001\0002\0000\000\040\000R\000E\000A\000D\000M\000E\000.\000m\000d\000\040\000F\000i\000l\000e\000\040\000R\000e\000f\000e\000r\000e\000n\000c\000e}{chapter.9}% 632
\BOOKMARK [0][-]{section*.190}{\376\377\000I\000n\000d\000e\000x}{}% 633
